datum,schnee,neuschnee
19990101,36,0
19990102,35,-1
19990103,39,4
19990104,40,1
19990105,42,3
19990106,41,-1
19990107,41,-1
19990108,40,-1
19990109,42,2
19990110,42,0
19990111,44,3
19990112,50,7
19990113,50,2
19990114,50,1
19990115,51,2
19990116,50,-1
19990117,49,-1
19990118,49,-1
19990119,48,-1
19990120,47,-1
19990121,46,-1
19990122,45,-1
19990123,44,-1
19990124,43,-1
19990125,43,-1
19990126,42,-1
19990127,47,5
19990128,57,12
19990129,73,22
19990130,71,2
19990131,70,1
19990201,69,-1
19990202,69,1
19990203,68,0
19990204,72,5
19990205,72,1
19990206,87,15
19990207,90,8
19990208,95,10
19990209,97,4
19990210,103,8
19990211,102,0
19990212,102,1
19990213,101,1
19990214,103,3
19990215,108,7
19990216,106,-1
19990217,107,3
19990218,120,15
19990219,128,13
19990220,151,31
19990221,150,7
19990222,167,28
19990223,171,10
19990224,170,9
19990225,180,16
19990226,173,-1
19990227,170,-1
19990228,168,-1
19990301,160,-1
19990302,158,2
19990303,156,-1
19990304,148,1
19990305,181,40
19990306,172,3
19990307,180,15
19990308,174,0
19990309,173,3
19990310,168,-1
19990311,166,-1
19990312,159,-1
19990313,152,-1
19990314,146,-1
19990315,140,-1
19990316,137,-1
19990317,134,-1
19990318,131,-1
19990319,128,-1
19990320,127,1
19990321,125,-1
19990322,122,-1
19990323,122,1
19990324,127,8
19990325,123,-1
19990326,120,-1
19990327,119,2
19990328,123,5
19990329,121,1
19990330,118,-1
19990331,115,-1
19990401,112,-1
19990402,109,-1
19990403,106,-1
19990404,103,1
19990405,101,2
19990406,100,-1
19990407,94,-1
19990408,101,8
19990409,98,2
19990410,95,-1
19990411,92,-1
19990412,91,0
19990413,92,3
19990414,91,1
19990415,91,0
19990416,110,20
19990417,134,31
19990418,122,1
19990419,117,4
19990420,115,1
19990421,112,0
19990422,108,2
19990423,102,-1
19990424,98,0
19990425,94,-1
19990426,90,-1
19990427,85,-1
19990428,77,-1
19990429,70,-1
19990430,65,-1
19990501,57,-1
19990502,50,-1
19990503,41,-1
19990504,37,-1
19990505,32,-1
19990506,27,-1
19990507,22,-1
19990508,20,-1
19990509,18,0
19990510,16,-1
19990511,12,-1
19990512,8,-1
19990513,4,-1
19990514,2,-1
19990515,-1,-1
19990516,-1,-1
19990517,-1,-1
19990518,-1,-1
19990519,-1,-1
19990520,-1,-1
19990521,-1,-1
19990522,29,29
19990523,13,-1
19990524,5,-1
19990525,-1,-1
19990526,-1,-1
19990527,-1,-1
19990528,-1,-1
19990529,-1,-1
19990530,-1,-1
19990531,-1,-1
19990601,-1,-1
19990602,-1,-1
19990603,-1,-1
19990604,-1,-1
19990605,-1,-1
19990606,-1,-1
19990607,-1,-1
19990608,-1,-1
19990609,-1,-1
19990610,-1,-1
19990611,-1,-1
19990612,-1,-1
19990613,-1,-1
19990614,-1,-1
19990615,-1,-1
19990616,-1,-1
19990617,-1,-1
19990618,-1,-1
19990619,-1,-1
19990620,-1,-1
19990621,-1,-1
19990622,3,3
19990623,-1,-1
19990624,-1,-1
19990625,-1,-1
19990626,-1,-1
19990627,-1,-1
19990628,-1,-1
19990629,-1,-1
19990630,-1,-1
19990701,-1,-1
19990702,-1,-1
19990703,-1,-1
19990704,-1,-1
19990705,-1,-1
19990706,-1,-1
19990707,-1,-1
19990708,-1,-1
19990709,-1,-1
19990710,-1,-1
19990711,-1,-1
19990712,-1,-1
19990713,-1,-1
19990714,-1,-1
19990715,-1,-1
19990716,-1,-1
19990717,-1,-1
19990718,-1,-1
19990719,-1,-1
19990720,-1,-1
19990721,-1,-1
19990722,-1,-1
19990723,-1,-1
19990724,-1,-1
19990725,-1,-1
19990726,-1,-1
19990727,-1,-1
19990728,-1,-1
19990729,-1,-1
19990730,-1,-1
19990731,-1,-1
19990801,-1,-1
19990802,-1,-1
19990803,-1,-1
19990804,-1,-1
19990805,-1,-1
19990806,-1,-1
19990807,-1,-1
19990808,-1,-1
19990809,-1,-1
19990810,-1,-1
19990811,-1,-1
19990812,-1,-1
19990813,-1,-1
19990814,-1,-1
19990815,-1,-1
19990816,-1,-1
19990817,-1,-1
19990818,-1,-1
19990819,-1,-1
19990820,-1,-1
19990821,-1,-1
19990822,-1,-1
19990823,-1,-1
19990824,-1,-1
19990825,-1,-1
19990826,-1,-1
19990827,-1,-1
19990828,-1,-1
19990829,-1,-1
19990830,-1,-1
19990831,-1,-1
19990901,-1,-1
19990902,-1,-1
19990903,-1,-1
19990904,-1,-1
19990905,-1,-1
19990906,-1,-1
19990907,-1,-1
19990908,-1,-1
19990909,-1,-1
19990910,-1,-1
19990911,-1,-1
19990912,-1,-1
19990913,-1,-1
19990914,-1,-1
19990915,-1,-1
19990916,-1,-1
19990917,-1,-1
19990918,-1,-1
19990919,-1,-1
19990920,-1,-1
19990921,-1,-1
19990922,-1,-1
19990923,-1,-1
19990924,-1,-1
19990925,-1,-1
19990926,-1,-1
19990927,-1,-1
19990928,-1,-1
19990929,-1,-1
19990930,-1,-1
19991001,1,1
19991002,-1,-1
19991003,-1,-1
19991004,20,20
19991005,9,1
19991006,7,0
19991007,5,-1
19991008,-1,-1
19991009,-1,-1
19991010,-1,-1
19991011,-1,-1
19991012,-1,-1
19991013,-1,-1
19991014,-1,-1
19991015,-1,-1
19991016,-1,-1
19991017,-1,-1
19991018,-1,-1
19991019,-1,-1
19991020,-1,-1
19991021,-1,-1
19991022,-1,-1
19991023,-1,-1
19991024,2,2
19991025,-1,-1
19991026,-1,-1
19991027,-1,-1
19991028,-1,-1
19991029,-1,-1
19991030,-1,-1
19991031,-1,-1
19991101,-1,-1
19991102,-1,-1
19991103,-1,-1
19991104,0,0
19991105,-1,-1
19991106,-1,-1
19991107,17,17
19991108,15,3
19991109,15,3
19991110,20,8
19991111,22,5
19991112,20,0
19991113,18,-1
19991114,16,-1
19991115,21,7
19991116,20,1
19991117,19,-1
19991118,22,6
19991119,23,2
19991120,23,2
19991121,22,-1
19991122,38,17
19991123,46,11
19991124,60,20
19991125,57,1
19991126,54,-1
19991127,51,-1
19991128,48,-1
19991129,45,-1
19991130,43,-1
19991201,42,-1
19991202,40,-1
19991203,39,-1
19991204,37,-1
19991205,39,3
19991206,39,2
19991207,38,-1
19991208,37,0
19991209,36,-1
19991210,35,0
19991211,41,8
19991212,39,-1
19991213,41,3
19991214,40,-1
19991215,42,3
19991216,44,3
19991217,44,1
19991218,42,0
19991219,40,0
19991220,45,5
19991221,44,0
19991222,43,-1
19991223,43,-1
19991224,42,-1
19991225,42,-1
19991226,50,8
19991227,62,18
19991228,69,11
19991229,73,8
19991230,74,3
19991231,73,-1
20000101,74,2
20000102,76,3
20000103,75,-1
20000104,74,-1
20000105,73,0
20000106,72,-1
20000107,72,-1
20000108,71,-1
20000109,71,-1
20000110,71,0
20000111,70,-1
20000112,69,-1
20000113,68,-1
20000114,68,-1
20000115,67,-1
20000116,66,-1
20000117,65,-1
20000118,63,0
20000119,66,4
20000120,65,-1
20000121,64,0
20000122,68,6
20000123,68,3
20000124,69,4
20000125,68,-1
20000126,67,-1
20000127,65,-1
20000128,64,-1
20000129,63,-1
20000130,74,13
20000131,85,15
20000201,83,-1
20000202,81,-1
20000203,83,4
20000204,81,-1
20000205,80,0
20000206,78,-1
20000207,77,-1
20000208,76,0
20000209,78,5
20000210,78,2
20000211,77,-1
20000212,81,5
20000213,80,-1
20000214,88,11
20000215,87,1
20000216,87,2
20000217,88,4
20000218,90,3
20000219,111,24
20000220,120,13
20000221,117,1
20000222,114,-1
20000223,112,-1
20000224,110,-1
20000225,109,0
20000226,109,3
20000227,106,-1
20000228,103,-1
20000229,101,-1
20000301,99,-1
20000302,103,5
20000303,102,-1
20000304,102,0
20000305,104,3
20000306,103,-1
20000307,102,-1
20000308,101,-1
20000309,97,-1
20000310,102,7
20000311,99,-1
20000312,96,-1
20000313,94,-1
20000314,93,-1
20000315,101,10
20000316,102,5
20000317,126,25
20000318,139,22
20000319,140,5
20000320,136,1
20000321,132,-1
20000322,128,-1
20000323,124,-1
20000324,118,-1
20000325,114,-1
20000326,110,-1
20000327,140,35
20000328,143,12
20000329,144,9
20000330,170,34
20000331,160,1
20000401,152,1
20000402,146,0
20000403,142,-1
20000404,139,0
20000405,134,-1
20000406,134,4
20000407,131,0
20000408,129,-1
20000409,125,-1
20000410,123,-1
20000411,120,-1
20000412,119,1
20000413,117,1
20000414,115,1
20000415,108,-1
20000416,109,5
20000417,104,-1
20000418,112,13
20000419,109,1
20000420,112,7
20000421,108,-1
20000422,104,-1
20000423,99,-1
20000424,95,1
20000425,97,5
20000426,91,-1
20000427,83,-1
20000428,76,-1
20000429,67,-1
20000430,56,-1
20000501,46,-1
20000502,37,-1
20000503,28,-1
20000504,17,-1
20000505,-1,-1
20000506,-1,-1
20000507,-1,-1
20000508,-1,-1
20000509,-1,-1
20000510,-1,-1
20000511,-1,-1
20000512,-1,-1
20000513,-1,-1
20000514,-1,-1
20000515,-1,-1
20000516,-1,-1
20000517,-1,-1
20000518,-1,-1
20000519,17,17
20000520,8,8
20000521,-1,-1
20000522,1,1
20000523,-1,-1
20000524,-1,-1
20000525,-1,-1
20000526,-1,-1
20000527,-1,-1
20000528,-1,-1
20000529,-1,-1
20000530,-1,-1
20000531,-1,-1
20000601,-1,-1
20000602,-1,-1
20000603,-1,-1
20000604,-1,-1
20000605,-1,-1
20000606,-1,-1
20000607,-1,-1
20000608,-1,-1
20000609,-1,-1
20000610,-1,-1
20000611,-1,-1
20000612,-1,-1
20000613,-1,-1
20000614,-1,-1
20000615,-1,-1
20000616,-1,-1
20000617,-1,-1
20000618,-1,-1
20000619,-1,-1
20000620,-1,-1
20000621,-1,-1
20000622,-1,-1
20000623,-1,-1
20000624,-1,-1
20000625,-1,-1
20000626,-1,-1
20000627,-1,-1
20000628,-1,-1
20000629,-1,-1
20000630,-1,-1
20000701,-1,-1
20000702,-1,-1
20000703,-1,-1
20000704,-1,-1
20000705,-1,-1
20000706,-1,-1
20000707,-1,-1
20000708,-1,-1
20000709,-1,-1
20000710,-1,-1
20000711,4,4
20000712,16,16
20000713,-1,-1
20000714,-1,-1
20000715,-1,-1
20000716,-1,-1
20000717,-1,-1
20000718,-1,-1
20000719,-1,-1
20000720,-1,-1
20000721,-1,-1
20000722,-1,-1
20000723,-1,-1
20000724,-1,-1
20000725,-1,-1
20000726,-1,-1
20000727,-1,-1
20000728,-1,-1
20000729,-1,-1
20000730,-1,-1
20000731,-1,-1
20000801,-1,-1
20000802,-1,-1
20000803,-1,-1
20000804,-1,-1
20000805,-1,-1
20000806,-1,-1
20000807,-1,-1
20000808,-1,-1
20000809,-1,-1
20000810,-1,-1
20000811,-1,-1
20000812,-1,-1
20000813,-1,-1
20000814,-1,-1
20000815,-1,-1
20000816,-1,-1
20000817,-1,-1
20000818,-1,-1
20000819,-1,-1
20000820,-1,-1
20000821,-1,-1
20000822,-1,-1
20000823,-1,-1
20000824,-1,-1
20000825,-1,-1
20000826,-1,-1
20000827,-1,-1
20000828,-1,-1
20000829,-1,-1
20000830,-1,-1
20000831,-1,-1
20000901,-1,-1
20000902,-1,-1
20000903,-1,-1
20000904,-1,-1
20000905,-1,-1
20000906,-1,-1
20000907,-1,-1
20000908,-1,-1
20000909,-1,-1
20000910,-1,-1
20000911,-1,-1
20000912,-1,-1
20000913,-1,-1
20000914,-1,-1
20000915,-1,-1
20000916,-1,-1
20000917,-1,-1
20000918,-1,-1
20000919,-1,-1
20000920,-1,-1
20000921,-1,-1
20000922,-1,-1
20000923,-1,-1
20000924,-1,-1
20000925,-1,-1
20000926,-1,-1
20000927,-1,-1
20000928,-1,-1
20000929,-1,-1
20000930,-1,-1
20001001,-1,-1
20001002,-1,-1
20001003,1,1
20001004,-1,-1
20001005,-1,-1
20001006,-1,-1
20001007,30,30
20001008,41,19
20001009,36,8
20001010,27,-1
20001011,19,1
20001012,10,-1
20001013,0,-1
20001014,-1,-1
20001015,-1,-1
20001016,-1,-1
20001017,-1,-1
20001018,-1,-1
20001019,-1,-1
20001020,-1,-1
20001021,-1,-1
20001022,-1,-1
20001023,-1,-1
20001024,-1,-1
20001025,-1,-1
20001026,-1,-1
20001027,-1,-1
20001028,-1,-1
20001029,-1,-1
20001030,-1,-1
20001031,-1,-1
20001101,24,24
20001102,18,-1
20001103,14,-1
20001104,17,9
20001105,17,5
20001106,14,1
20001107,24,14
20001108,22,-1
20001109,20,-1
20001110,19,0
20001111,19,-1
20001112,19,-1
20001113,18,-1
20001114,17,-1
20001115,14,0
20001116,15,3
20001117,12,-1
20001118,46,35
20001119,50,9
20001120,46,-1
20001121,50,6
20001122,46,-1
20001123,43,-1
20001124,40,0
20001125,61,25
20001126,66,10
20001127,62,1
20001128,61,2
20001129,59,1
20001130,57,-1
20001201,56,-1
20001202,54,-1
20001203,52,-1
20001204,49,-1
20001205,47,-1
20001206,45,-1
20001207,44,-1
20001208,43,-1
20001209,41,-1
20001210,41,0
20001211,41,0
20001212,40,-1
20001213,40,-1
20001214,39,-1
20001215,39,0
20001216,46,8
20001217,45,1
20001218,46,3
20001219,46,1
20001220,48,4
20001221,47,-1
20001222,47,-1
20001223,46,-1
20001224,46,-1
20001225,45,-1
20001226,45,-1
20001227,45,0
20001228,46,1
20001229,48,3
20001230,55,8
20001231,54,-1
20010101,53,-1
20010102,52,-1
20010103,54,3
20010104,55,2
20010105,55,2
20010106,54,-1
20010107,53,1
20010108,64,12
20010109,67,5
20010110,65,-1
20010111,63,-1
20010112,62,-1
20010113,61,-1
20010114,61,-1
20010115,60,-1
20010116,59,-1
20010117,58,-1
20010118,59,1
20010119,58,-1
20010120,58,-1
20010121,57,-1
20010122,57,-1
20010123,56,0
20010124,56,1
20010125,57,1
20010126,64,8
20010127,67,7
20010128,68,3
20010129,66,-1
20010130,66,1
20010131,73,8
20010201,75,5
20010202,74,0
20010203,84,13
20010204,92,13
20010205,88,1
20010206,84,-1
20010207,82,-1
20010208,80,-1
20010209,83,5
20010210,86,5
20010211,83,-1
20010212,81,-1
20010213,79,-1
20010214,78,0
20010215,77,-1
20010216,75,-1
20010217,73,-1
20010218,101,30
20010219,95,-1
20010220,91,1
20010221,89,0
20010222,114,30
20010223,134,28
20010224,138,15
20010225,130,0
20010226,124,1
20010227,122,-1
20010228,121,0
20010301,121,1
20010302,119,0
20010303,116,0
20010304,111,-1
20010305,105,3
20010306,102,-1
20010307,99,-1
20010308,93,-1
20010309,88,0
20010310,85,-1
20010311,84,0
20010312,82,-1
20010313,94,17
20010314,96,6
20010315,95,3
20010316,93,0
20010317,90,0
20010318,90,2
20010319,87,-1
20010320,85,1
20010321,85,3
20010322,86,3
20010323,93,9
20010324,86,-1
20010325,79,-1
20010326,77,3
20010327,76,4
20010328,73,-1
20010329,70,-1
20010330,103,38
20010331,102,9
20010401,94,-1
20010402,87,-1
20010403,81,-1
20010404,76,-1
20010405,79,10
20010406,74,1
20010407,70,2
20010408,83,17
20010409,80,1
20010410,77,1
20010411,83,10
20010412,85,6
20010413,84,1
20010414,82,1
20010415,82,2
20010416,86,5
20010417,85,1
20010418,83,-1
20010419,81,1
20010420,106,28
20010421,115,16
20010422,113,7
20010423,105,-1
20010424,99,-1
20010425,93,-1
20010426,88,2
20010427,83,-1
20010428,76,-1
20010429,72,-1
20010430,65,-1
20010501,62,-1
20010502,55,-1
20010503,48,-1
20010504,41,-1
20010505,35,-1
20010506,28,-1
20010507,20,-1
20010508,14,-1
20010509,8,-1
20010510,0,-1
20010511,0,-1
20010512,0,-1
20010513,0,-1
20010514,0,-1
20010515,-1,-1
20010516,-1,-1
20010517,-1,-1
20010518,-1,-1
20010519,-1,-1
20010520,-1,-1
20010521,-1,-1
20010522,-1,-1
20010523,-1,-1
20010524,-1,-1
20010525,-1,-1
20010526,-1,-1
20010527,-1,-1
20010528,-1,-1
20010529,-1,-1
20010530,-1,-1
20010531,-1,-1
20010601,-1,-1
20010602,-1,-1
20010603,-1,-1
20010604,4,4
20010605,-1,-1
20010606,-1,-1
20010607,-1,-1
20010608,-1,-1
20010609,-1,-1
20010610,-1,-1
20010611,22,22
20010612,6,-1
20010613,-1,-1
20010614,-1,-1
20010615,-1,-1
20010616,-1,-1
20010617,-1,-1
20010618,-1,-1
20010619,-1,-1
20010620,-1,-1
20010621,-1,-1
20010622,-1,-1
20010623,-1,-1
20010624,-1,-1
20010625,-1,-1
20010626,-1,-1
20010627,-1,-1
20010628,-1,-1
20010629,-1,-1
20010630,-1,-1
20010701,-1,-1
20010702,-1,-1
20010703,-1,-1
20010704,-1,-1
20010705,-1,-1
20010706,-1,-1
20010707,-1,-1
20010708,-1,-1
20010709,-1,-1
20010710,-1,-1
20010711,-1,-1
20010712,-1,-1
20010713,-1,-1
20010714,-1,-1
20010715,-1,-1
20010716,-1,-1
20010717,-1,-1
20010718,-1,-1
20010719,-1,-1
20010720,-1,-1
20010721,-1,-1
20010722,-1,-1
20010723,-1,-1
20010724,-1,-1
20010725,-1,-1
20010726,-1,-1
20010727,-1,-1
20010728,-1,-1
20010729,-1,-1
20010730,-1,-1
20010731,-1,-1
20010801,-1,-1
20010802,-1,-1
20010803,-1,-1
20010804,-1,-1
20010805,-1,-1
20010806,-1,-1
20010807,-1,-1
20010808,-1,-1
20010809,-1,-1
20010810,-1,-1
20010811,-1,-1
20010812,-1,-1
20010813,-1,-1
20010814,-1,-1
20010815,-1,-1
20010816,-1,-1
20010817,-1,-1
20010818,-1,-1
20010819,-1,-1
20010820,-1,-1
20010821,-1,-1
20010822,-1,-1
20010823,-1,-1
20010824,-1,-1
20010825,-1,-1
20010826,-1,-1
20010827,-1,-1
20010828,-1,-1
20010829,-1,-1
20010830,-1,-1
20010831,-1,-1
20010901,-1,-1
20010902,-1,-1
20010903,-1,-1
20010904,-1,-1
20010905,-1,-1
20010906,-1,-1
20010907,-1,-1
20010908,-1,-1
20010909,2,2
20010910,0,0
20010911,-1,-1
20010912,-1,-1
20010913,-1,-1
20010914,-1,-1
20010915,6,6
20010916,1,1
20010917,2,2
20010918,-1,-1
20010919,3,3
20010920,-1,-1
20010921,-1,-1
20010922,-1,-1
20010923,-1,-1
20010924,-1,-1
20010925,-1,-1
20010926,2,2
20010927,-1,-1
20010928,-1,-1
20010929,-1,-1
20010930,-1,-1
20011001,-1,-1
20011002,-1,-1
20011003,-1,-1
20011004,-1,-1
20011005,-1,-1
20011006,-1,-1
20011007,-1,-1
20011008,-1,-1
20011009,-1,-1
20011010,-1,-1
20011011,-1,-1
20011012,-1,-1
20011013,-1,-1
20011014,-1,-1
20011015,-1,-1
20011016,-1,-1
20011017,-1,-1
20011018,-1,-1
20011019,-1,-1
20011020,-1,-1
20011021,-1,-1
20011022,-1,-1
20011023,-1,-1
20011024,-1,-1
20011025,-1,-1
20011026,-1,-1
20011027,-1,-1
20011028,-1,-1
20011029,-1,-1
20011030,-1,-1
20011031,-1,-1
20011101,-1,-1
20011102,-1,-1
20011103,-1,-1
20011104,-1,-1
20011105,-1,-1
20011106,-1,-1
20011107,1,1
20011108,1,-1
20011109,6,6
20011110,7,3
20011111,5,-1
20011112,3,-1
20011113,7,4
20011114,11,5
20011115,12,3
20011116,11,-1
20011117,10,-1
20011118,9,-1
20011119,8,-1
20011120,8,-1
20011121,8,-1
20011122,7,-1
20011123,11,5
20011124,12,2
20011125,23,12
20011126,36,15
20011127,32,1
20011128,31,4
20011129,32,3
20011130,47,17
20011201,39,3
20011202,36,2
20011203,33,-1
20011204,31,-1
20011205,31,-1
20011206,34,4
20011207,37,4
20011208,39,3
20011209,38,-1
20011210,37,-1
20011211,36,0
20011212,46,11
20011213,44,1
20011214,43,-1
20011215,42,-1
20011216,42,-1
20011217,41,-1
20011218,49,9
20011219,48,-1
20011220,47,-1
20011221,47,0
20011222,46,-1
20011223,46,1
20011224,46,1
20011225,45,0
20011226,44,0
20011227,45,2
20011228,47,3
20011229,47,1
20011230,51,5
20011231,50,1
20020101,49,0
20020102,48,-1
20020103,48,-1
20020104,47,-1
20020105,47,-1
20020106,46,-1
20020107,45,-1
20020108,45,-1
20020109,44,-1
20020110,44,-1
20020111,43,-1
20020112,43,-1
20020113,42,-1
20020114,42,-1
20020115,41,-1
20020116,41,-1
20020117,41,-1
20020118,40,-1
20020119,40,-1
20020120,39,0
20020121,40,1
20020122,41,2
20020123,41,-1
20020124,40,-1
20020125,42,2
20020126,43,1
20020127,43,-1
20020128,46,3
20020129,46,-1
20020130,45,-1
20020131,45,-1
20020201,44,-1
20020202,44,-1
20020203,44,-1
20020204,44,-1
20020205,44,-1
20020206,43,-1
20020207,71,29
20020208,68,2
20020209,67,1
20020210,70,5
20020211,69,2
20020212,67,-1
20020213,66,-1
20020214,66,-1
20020215,66,2
20020216,83,19
20020217,81,3
20020218,79,-1
20020219,78,1
20020220,77,2
20020221,78,2
20020222,78,1
20020223,77,-1
20020224,84,9
20020225,88,7
20020226,85,-1
20020227,82,-1
20020228,79,1
20020301,87,9
20020302,83,-1
20020303,100,22
20020304,96,1
20020305,92,-1
20020306,87,-1
20020307,81,-1
20020308,79,-1
20020309,78,-1
20020310,77,-1
20020311,76,-1
20020312,76,-1
20020313,76,-1
20020314,75,-1
20020315,74,-1
20020316,71,-1
20020317,68,-1
20020318,66,-1
20020319,63,-1
20020320,82,24
20020321,73,-1
20020322,75,7
20020323,86,17
20020324,85,3
20020325,84,3
20020326,82,-1
20020327,81,-1
20020328,79,-1
20020329,77,-1
20020330,75,-1
20020331,73,-1
20020401,70,3
20020402,66,-1
20020403,63,-1
20020404,60,1
20020405,57,-1
20020406,56,-1
20020407,54,-1
20020408,53,1
20020409,57,7
20020410,55,0
20020411,52,-1
20020412,51,-1
20020413,47,-1
20020414,45,-1
20020415,57,15
20020416,55,2
20020417,51,1
20020418,48,-1
20020419,45,-1
20020420,51,8
20020421,56,10
20020422,52,-1
20020423,48,-1
20020424,44,-1
20020425,45,3
20020426,41,0
20020427,36,-1
20020428,30,-1
20020429,25,-1
20020430,23,2
20020501,15,-1
20020502,-1,-1
20020503,-1,-1
20020504,-1,-1
20020505,7,7
20020506,1,1
20020507,-1,-1
20020508,-1,-1
20020509,-1,-1
20020510,-1,-1
20020511,-1,-1
20020512,-1,-1
20020513,-1,-1
20020514,-1,-1
20020515,-1,-1
20020516,-1,-1
20020517,-1,-1
20020518,-1,-1
20020519,-1,-1
20020520,-1,-1
20020521,-1,-1
20020522,-1,-1
20020523,-1,-1
20020524,10,10
20020525,-1,-1
20020526,4,4
20020527,-1,-1
20020528,9,9
20020529,-1,-1
20020530,-1,-1
20020531,-1,-1
20020601,-1,-1
20020602,-1,-1
20020603,-1,-1
20020604,-1,-1
20020605,-1,-1
20020606,2,2
20020607,-1,-1
20020608,-1,-1
20020609,-1,-1
20020610,-1,-1
20020611,-1,-1
20020612,-1,-1
20020613,-1,-1
20020614,-1,-1
20020615,-1,-1
20020616,-1,-1
20020617,-1,-1
20020618,-1,-1
20020619,-1,-1
20020620,-1,-1
20020621,-1,-1
20020622,-1,-1
20020623,-1,-1
20020624,-1,-1
20020625,-1,-1
20020626,-1,-1
20020627,-1,-1
20020628,-1,-1
20020629,-1,-1
20020630,-1,-1
20020701,-1,-1
20020702,-1,-1
20020703,-1,-1
20020704,-1,-1
20020705,-1,-1
20020706,-1,-1
20020707,-1,-1
20020708,-1,-1
20020709,-1,-1
20020710,-1,-1
20020711,-1,-1
20020712,-1,-1
20020713,-1,-1
20020714,-1,-1
20020715,-1,-1
20020716,-1,-1
20020717,-1,-1
20020718,-1,-1
20020719,-1,-1
20020720,-1,-1
20020721,-1,-1
20020722,-1,-1
20020723,-1,-1
20020724,-1,-1
20020725,-1,-1
20020726,-1,-1
20020727,-1,-1
20020728,-1,-1
20020729,-1,-1
20020730,-1,-1
20020731,-1,-1
20020801,-1,-1
20020802,-1,-1
20020803,-1,-1
20020804,-1,-1
20020805,-1,-1
20020806,-1,-1
20020807,-1,-1
20020808,-1,-1
20020809,-1,-1
20020810,-1,-1
20020811,-1,-1
20020812,-1,-1
20020813,-1,-1
20020814,-1,-1
20020815,-1,-1
20020816,-1,-1
20020817,-1,-1
20020818,-1,-1
20020819,-1,-1
20020820,-1,-1
20020821,-1,-1
20020822,-1,-1
20020823,-1,-1
20020824,-1,-1
20020825,-1,-1
20020826,-1,-1
20020827,-1,-1
20020828,-1,-1
20020829,-1,-1
20020830,-1,-1
20020831,-1,-1
20020901,-1,-1
20020902,-1,-1
20020903,-1,-1
20020904,-1,-1
20020905,-1,-1
20020906,-1,-1
20020907,-1,-1
20020908,-1,-1
20020909,-1,-1
20020910,-1,-1
20020911,-1,-1
20020912,-1,-1
20020913,-1,-1
20020914,-1,-1
20020915,-1,-1
20020916,-1,-1
20020917,-1,-1
20020918,-1,-1
20020919,-1,-1
20020920,-1,-1
20020921,-1,-1
20020922,-1,-1
20020923,-1,-1
20020924,30,30
20020925,43,27
20020926,37,2
20020927,34,5
20020928,28,1
20020929,23,-1
20020930,20,-1
20021001,17,-1
20021002,15,-1
20021003,12,-1
20021004,8,-1
20021005,5,-1
20021006,-1,-1
20021007,1,1
20021008,-1,-1
20021009,-1,-1
20021010,-1,-1
20021011,-1,-1
20021012,-1,-1
20021013,-1,-1
20021014,-1,-1
20021015,-1,-1
20021016,-1,-1
20021017,-1,-1
20021018,20,20
20021019,15,-1
20021020,11,-1
20021021,7,-1
20021022,4,-1
20021023,1,-1
20021024,3,3
20021025,2,-1
20021026,-1,-1
20021027,-1,-1
20021028,-1,-1
20021029,-1,-1
20021030,-1,-1
20021031,-1,-1
20021101,-1,-1
20021102,-1,-1
20021103,2,2
20021104,1,1
20021105,2,2
20021106,3,1
20021107,3,-1
20021108,6,4
20021109,6,-1
20021110,8,3
20021111,8,1
20021112,5,1
20021113,4,-1
20021114,0,-1
20021115,-1,-1
20021116,-1,-1
20021117,-1,-1
20021118,3,3
20021119,38,37
20021120,33,-1
20021121,29,-1
20021122,30,4
20021123,31,3
20021124,29,-1
20021125,22,-1
20021126,18,-1
20021127,16,-1
20021128,15,-1
20021129,14,0
20021130,41,27
20021201,35,1
20021202,31,-1
20021203,52,23
20021204,57,9
20021205,58,5
20021206,59,6
20021207,54,-1
20021208,50,-1
20021209,47,-1
20021210,44,-1
20021211,42,-1
20021212,40,-1
20021213,38,-1
20021214,37,1
20021215,35,-1
20021216,33,-1
20021217,45,12
20021218,47,5
20021219,44,-1
20021220,43,-1
20021221,43,1
20021222,46,4
20021223,46,2
20021224,45,-1
20021225,44,-1
20021226,43,-1
20021227,42,-1
20021228,41,-1
20021229,45,5
20021230,47,4
20021231,47,1
20030101,50,4
20030102,49,-1
20030103,48,-1
20030104,47,-1
20030105,52,6
20030106,55,5
20030107,56,4
20030108,57,3
20030109,55,-1
20030110,55,2
20030111,53,-1
20030112,52,-1
20030113,51,-1
20030114,64,16
20030115,61,-1
20030116,59,-1
20030117,58,1
20030118,57,-1
20030119,56,-1
20030120,56,-1
20030121,55,-1
20030122,63,9
20030123,61,1
20030124,63,4
20030125,69,8
20030126,67,-1
20030127,65,1
20030128,73,9
20030129,75,5
20030130,77,5
20030131,80,6
20030201,79,1
20030202,78,-1
20030203,77,-1
20030204,78,2
20030205,80,3
20030206,82,4
20030207,83,2
20030208,88,8
20030209,90,4
20030210,88,-1
20030211,86,-1
20030212,85,-1
20030213,85,-1
20030214,84,-1
20030215,84,-1
20030216,83,-1
20030217,81,-1
20030218,80,-1
20030219,79,-1
20030220,79,-1
20030221,78,-1
20030222,77,-1
20030223,77,-1
20030224,76,-1
20030225,75,-1
20030226,73,-1
20030227,72,-1
20030228,71,-1
20030301,70,-1
20030302,69,0
20030303,70,2
20030304,70,0
20030305,69,-1
20030306,68,-1
20030307,70,2
20030308,68,-1
20030309,67,-1
20030310,66,-1
20030311,65,-1
20030312,64,-1
20030313,66,3
20030314,66,1
20030315,65,1
20030316,64,0
20030317,63,-1
20030318,62,-1
20030319,60,-1
20030320,58,-1
20030321,57,-1
20030322,55,-1
20030323,53,-1
20030324,51,-1
20030325,49,-1
20030326,48,-1
20030327,45,-1
20030328,42,-1
20030329,40,-1
20030330,38,-1
20030331,36,-1
20030401,34,-1
20030402,33,-1
20030403,38,5
20030404,41,4
20030405,39,-1
20030406,40,3
20030407,41,3
20030408,40,0
20030409,39,0
20030410,38,-1
20030411,40,3
20030412,39,0
20030413,41,4
20030414,39,-1
20030415,35,-1
20030416,29,-1
20030417,21,-1
20030418,15,-1
20030419,10,-1
20030420,6,-1
20030421,2,-1
20030422,1,1
20030423,1,-1
20030424,1,-1
20030425,1,-1
20030426,1,-1
20030427,-1,-1
20030428,-1,-1
20030429,-1,-1
20030430,-1,-1
20030501,4,4
20030502,-1,-1
20030503,-1,-1
20030504,-1,-1
20030505,-1,-1
20030506,-1,-1
20030507,-1,-1
20030508,-1,-1
20030509,-1,-1
20030510,-1,-1
20030511,-1,-1
20030512,-1,-1
20030513,-1,-1
20030514,3,3
20030515,2,1
20030516,-1,-1
20030517,-1,-1
20030518,-1,-1
20030519,-1,-1
20030520,-1,-1
20030521,-1,-1
20030522,-1,-1
20030523,-1,-1
20030524,-1,-1
20030525,-1,-1
20030526,-1,-1
20030527,-1,-1
20030528,-1,-1
20030529,-1,-1
20030530,-1,-1
20030531,-1,-1
20030601,-1,-1
20030602,-1,-1
20030603,-1,-1
20030604,-1,-1
20030605,-1,-1
20030606,-1,-1
20030607,-1,-1
20030608,-1,-1
20030609,-1,-1
20030610,-1,-1
20030611,-1,-1
20030612,-1,-1
20030613,-1,-1
20030614,-1,-1
20030615,-1,-1
20030616,-1,-1
20030617,-1,-1
20030618,-1,-1
20030619,-1,-1
20030620,-1,-1
20030621,-1,-1
20030622,-1,-1
20030623,-1,-1
20030624,-1,-1
20030625,-1,-1
20030626,-1,-1
20030627,-1,-1
20030628,-1,-1
20030629,-1,-1
20030630,-1,-1
20030701,-1,-1
20030702,-1,-1
20030703,-1,-1
20030704,-1,-1
20030705,-1,-1
20030706,-1,-1
20030707,-1,-1
20030708,-1,-1
20030709,-1,-1
20030710,-1,-1
20030711,-1,-1
20030712,-1,-1
20030713,-1,-1
20030714,-1,-1
20030715,-1,-1
20030716,-1,-1
20030717,-1,-1
20030718,-1,-1
20030719,-1,-1
20030720,-1,-1
20030721,-1,-1
20030722,-1,-1
20030723,-1,-1
20030724,-1,-1
20030725,-1,-1
20030726,-1,-1
20030727,-1,-1
20030728,-1,-1
20030729,-1,-1
20030730,-1,-1
20030731,-1,-1
20030801,-1,-1
20030802,-1,-1
20030803,-1,-1
20030804,-1,-1
20030805,-1,-1
20030806,-1,-1
20030807,-1,-1
20030808,-1,-1
20030809,-1,-1
20030810,-1,-1
20030811,-1,-1
20030812,-1,-1
20030813,-1,-1
20030814,-1,-1
20030815,-1,-1
20030816,-1,-1
20030817,-1,-1
20030818,-1,-1
20030819,-1,-1
20030820,-1,-1
20030821,-1,-1
20030822,-1,-1
20030823,-1,-1
20030824,-1,-1
20030825,-1,-1
20030826,-1,-1
20030827,-1,-1
20030828,-1,-1
20030829,-1,-1
20030830,-1,-1
20030831,-1,-1
20030901,-1,-1
20030902,-1,-1
20030903,-1,-1
20030904,-1,-1
20030905,-1,-1
20030906,-1,-1
20030907,-1,-1
20030908,-1,-1
20030909,-1,-1
20030910,-1,-1
20030911,-1,-1
20030912,-1,-1
20030913,-1,-1
20030914,-1,-1
20030915,-1,-1
20030916,-1,-1
20030917,-1,-1
20030918,-1,-1
20030919,-1,-1
20030920,-1,-1
20030921,-1,-1
20030922,-1,-1
20030923,-1,-1
20030924,-1,-1
20030925,-1,-1
20030926,-1,-1
20030927,-1,-1
20030928,-1,-1
20030929,-1,-1
20030930,-1,-1
20031001,-1,-1
20031002,-1,-1
20031003,-1,-1
20031004,-1,-1
20031005,16,16
20031006,25,15
20031007,20,-1
20031008,17,4
20031009,30,16
20031010,25,1
20031011,18,-1
20031012,15,-1
20031013,13,-1
20031014,11,-1
20031015,10,-1
20031016,9,-1
20031017,8,-1
20031018,7,-1
20031019,7,-1
20031020,7,-1
20031021,7,-1
20031022,11,5
20031023,12,2
20031024,23,12
20031025,19,1
20031026,15,-1
20031027,14,-1
20031028,13,-1
20031029,11,-1
20031030,10,-1
20031031,14,4
20031101,8,-1
20031102,9,2
20031103,8,-1
20031104,7,-1
20031105,6,-1
20031106,6,-1
20031107,7,1
20031108,7,1
20031109,26,20
20031110,24,-1
20031111,22,-1
20031112,21,-1
20031113,30,11
20031114,29,3
20031115,27,-1
20031116,26,-1
20031117,25,1
20031118,24,-1
20031119,22,-1
20031120,21,-1
20031121,20,-1
20031122,19,-1
20031123,19,-1
20031124,18,-1
20031125,18,-1
20031126,17,-1
20031127,17,-1
20031128,51,36
20031129,63,20
20031130,59,-1
20031201,56,-1
20031202,52,-1
20031203,48,-1
20031204,46,-1
20031205,44,-1
20031206,43,-1
20031207,41,-1
20031208,39,-1
20031209,38,-1
20031210,37,-1
20031211,36,-1
20031212,34,-1
20031213,32,-1
20031214,31,-1
20031215,34,5
20031216,38,5
20031217,37,-1
20031218,36,-1
20031219,35,-1
20031220,34,-1
20031221,34,-1
20031222,35,1
20031223,38,4
20031224,37,-1
20031225,36,-1
20031226,35,-1
20031227,35,-1
20031228,35,-1
20031229,43,10
20031230,48,9
20031231,52,7
20040101,62,12
20040102,59,-1
20040103,59,2
20040104,57,-1
20040105,57,1
20040106,58,2
20040107,70,14
20040108,67,4
20040109,65,1
20040110,78,15
20040111,76,1
20040112,80,7
20040113,84,7
20040114,86,7
20040115,86,3
20040116,86,2
20040117,85,-1
20040118,87,4
20040119,93,7
20040120,100,11
20040121,110,15
20040122,105,-1
20040123,102,-1
20040124,100,-1
20040125,100,2
20040126,98,-1
20040127,96,1
20040128,96,3
20040129,94,-1
20040130,92,-1
20040131,90,-1
20040201,88,-1
20040202,86,-1
20040203,85,-1
20040204,84,-1
20040205,83,-1
20040206,82,-1
20040207,81,-1
20040208,81,2
20040209,95,15
20040210,95,2
20040211,102,9
20040212,112,13
20040213,119,10
20040214,117,0
20040215,115,-1
20040216,114,-1
20040217,113,-1
20040218,112,0
20040219,114,4
20040220,123,14
20040221,120,0
20040222,118,0
20040223,115,0
20040224,126,15
20040225,121,1
20040226,118,-1
20040227,128,13
20040228,130,5
20040229,129,3
20040301,128,2
20040302,126,1
20040303,129,5
20040304,127,0
20040305,124,-1
20040306,122,-1
20040307,123,4
20040308,125,6
20040309,128,7
20040310,126,0
20040311,126,2
20040312,135,15
20040313,132,-1
20040314,129,-1
20040315,125,-1
20040316,119,-1
20040317,114,-1
20040318,110,-1
20040319,106,-1
20040320,102,-1
20040321,99,-1
20040322,98,2
20040323,100,5
20040324,104,7
20040325,106,5
20040326,107,4
20040327,108,5
20040328,104,-1
20040329,100,-1
20040330,97,-1
20040331,94,-1
20040401,91,-1
20040402,89,-1
20040403,87,-1
20040404,85,-1
20040405,83,-1
20040406,82,1
20040407,83,2
20040408,82,-1
20040409,81,1
20040410,91,12
20040411,98,13
20040412,90,-1
20040413,97,11
20040414,90,1
20040415,86,-1
20040416,84,-1
20040417,80,-1
20040418,78,1
20040419,80,5
20040420,102,26
20040421,90,-1
20040422,80,-1
20040423,75,-1
20040424,67,-1
20040425,64,-1
20040426,62,1
20040427,58,-1
20040428,54,-1
20040429,48,-1
20040430,41,-1
20040501,38,-1
20040502,31,-1
20040503,25,-1
20040504,20,-1
20040505,15,-1
20040506,38,26
20040507,28,1
20040508,25,1
20040509,23,1
20040510,20,1
20040511,16,-1
20040512,10,-1
20040513,6,-1
20040514,2,-1
20040515,1,-1
20040516,-1,-1
20040517,-1,-1
20040518,-1,-1
20040519,-1,-1
20040520,-1,-1
20040521,-1,-1
20040522,-1,-1
20040523,-1,-1
20040524,1,1
20040525,-1,-1
20040526,-1,-1
20040527,-1,-1
20040528,-1,-1
20040529,-1,-1
20040530,-1,-1
20040531,-1,-1
20040601,-1,-1
20040602,-1,-1
20040603,-1,-1
20040604,-1,-1
20040605,-1,-1
20040606,-1,-1
20040607,-1,-1
20040608,-1,-1
20040609,-1,-1
20040610,-1,-1
20040611,-1,-1
20040612,-1,-1
20040613,-1,-1
20040614,-1,-1
20040615,-1,-1
20040616,-1,-1
20040617,-1,-1
20040618,-1,-1
20040619,-1,-1
20040620,-1,-1
20040621,-1,-1
20040622,-1,-1
20040623,-1,-1
20040624,-1,-1
20040625,-1,-1
20040626,-1,-1
20040627,-1,-1
20040628,-1,-1
20040629,-1,-1
20040630,-1,-1
20040701,-1,-1
20040702,-1,-1
20040703,-1,-1
20040704,-1,-1
20040705,-1,-1
20040706,-1,-1
20040707,-1,-1
20040708,-1,-1
20040709,-1,-1
20040710,-1,-1
20040711,1,1
20040712,-1,-1
20040713,-1,-1
20040714,-1,-1
20040715,-1,-1
20040716,-1,-1
20040717,-1,-1
20040718,-1,-1
20040719,-1,-1
20040720,-1,-1
20040721,-1,-1
20040722,-1,-1
20040723,-1,-1
20040724,-1,-1
20040725,-1,-1
20040726,-1,-1
20040727,-1,-1
20040728,-1,-1
20040729,-1,-1
20040730,-1,-1
20040731,-1,-1
20040801,-1,-1
20040802,-1,-1
20040803,-1,-1
20040804,-1,-1
20040805,-1,-1
20040806,-1,-1
20040807,-1,-1
20040808,-1,-1
20040809,-1,-1
20040810,-1,-1
20040811,-1,-1
20040812,-1,-1
20040813,-1,-1
20040814,-1,-1
20040815,-1,-1
20040816,-1,-1
20040817,-1,-1
20040818,-1,-1
20040819,-1,-1
20040820,-1,-1
20040821,-1,-1
20040822,-1,-1
20040823,-1,-1
20040824,-1,-1
20040825,-1,-1
20040826,-1,-1
20040827,-1,-1
20040828,-1,-1
20040829,-1,-1
20040830,-1,-1
20040831,-1,-1
20040901,-1,-1
20040902,-1,-1
20040903,-1,-1
20040904,-1,-1
20040905,-1,-1
20040906,-1,-1
20040907,-1,-1
20040908,-1,-1
20040909,-1,-1
20040910,-1,-1
20040911,-1,-1
20040912,-1,-1
20040913,-1,-1
20040914,-1,-1
20040915,-1,-1
20040916,-1,-1
20040917,-1,-1
20040918,-1,-1
20040919,-1,-1
20040920,-1,-1
20040921,-1,-1
20040922,-1,-1
20040923,-1,-1
20040924,1,1
20040925,3,3
20040926,1,1
20040927,-1,-1
20040928,-1,-1
20040929,-1,-1
20040930,-1,-1
20041001,-1,-1
20041002,-1,-1
20041003,-1,-1
20041004,-1,-1
20041005,-1,-1
20041006,-1,-1
20041007,-1,-1
20041008,-1,-1
20041009,-1,-1
20041010,-1,-1
20041011,-1,-1
20041012,-1,-1
20041013,-1,-1
20041014,-1,-1
20041015,-1,-1
20041016,3,3
20041017,8,6
20041018,7,2
20041019,5,-1
20041020,-1,-1
20041021,-1,-1
20041022,-1,-1
20041023,-1,-1
20041024,-1,-1
20041025,-1,-1
20041026,-1,-1
20041027,-1,-1
20041028,-1,-1
20041029,-1,-1
20041030,-1,-1
20041031,2,2
20041101,-1,-1
20041102,-1,-1
20041103,-1,-1
20041104,-1,-1
20041105,-1,-1
20041106,-1,-1
20041107,1,1
20041108,4,4
20041109,5,1
20041110,12,7
20041111,28,20
20041112,27,4
20041113,20,-1
20041114,20,2
20041115,19,1
20041116,18,-1
20041117,17,-1
20041118,16,-1
20041119,15,-1
20041120,25,12
20041121,23,1
20041122,21,-1
20041123,20,-1
20041124,19,-1
20041125,17,-1
20041126,16,-1
20041127,15,-1
20041128,14,-1
20041129,13,-1
20041130,13,1
20041201,27,15
20041202,26,-1
20041203,26,-1
20041204,26,-1
20041205,25,-1
20041206,25,-1
20041207,24,-1
20041208,23,-1
20041209,23,-1
20041210,22,-1
20041211,22,-1
20041212,21,-1
20041213,20,-1
20041214,20,-1
20041215,19,-1
20041216,19,-1
20041217,19,-1
20041218,22,4
20041219,22,1
20041220,28,8
20041221,27,-1
20041222,26,-1
20041223,26,-1
20041224,25,-1
20041225,25,-1
20041226,38,14
20041227,50,16
20041228,49,4
20041229,52,5
20041230,50,1
20041231,50,-1
20050101,51,2
20050102,50,-1
20050103,51,3
20050104,50,1
20050105,49,-1
20050106,49,2
20050107,52,5
20050108,50,-1
20050109,48,-1
20050110,47,-1
20050111,46,-1
20050112,45,-1
20050113,44,-1
20050114,43,-1
20050115,42,-1
20050116,42,-1
20050117,41,-1
20050118,40,-1
20050119,43,3
20050120,43,-1
20050121,78,36
20050122,85,17
20050123,77,1
20050124,72,1
20050125,71,3
20050126,71,3
20050127,72,3
20050128,71,-1
20050129,70,1
20050130,69,-1
20050131,68,-1
20050201,83,17
20050202,90,12
20050203,95,10
20050204,92,-1
20050205,90,-1
20050206,89,-1
20050207,88,-1
20050208,87,-1
20050209,86,-1
20050210,85,-1
20050211,90,7
20050212,90,2
20050213,96,10
20050214,98,8
20050215,98,4
20050216,98,3
20050217,98,3
20050218,96,-1
20050219,95,-1
20050220,94,-1
20050221,102,9
20050222,106,8
20050223,104,-1
20050224,103,-1
20050225,102,-1
20050226,101,-1
20050227,100,-1
20050228,101,2
20050301,100,-1
20050302,99,-1
20050303,98,-1
20050304,96,-1
20050305,95,-1
20050306,99,4
20050307,99,1
20050308,101,3
20050309,100,1
20050310,101,2
20050311,99,-1
20050312,97,-1
20050313,97,2
20050314,95,-1
20050315,93,-1
20050316,92,-1
20050317,90,-1
20050318,87,-1
20050319,85,-1
20050320,82,-1
20050321,80,-1
20050322,76,-1
20050323,71,-1
20050324,66,-1
20050325,62,-1
20050326,59,-1
20050327,58,-1
20050328,58,2
20050329,56,-1
20050330,55,1
20050331,55,3
20050401,54,1
20050402,51,-1
20050403,48,-1
20050404,46,-1
20050405,43,-1
20050406,40,-1
20050407,36,-1
20050408,30,-1
20050409,50,22
20050410,53,10
20050411,50,2
20050412,50,3
20050413,43,-1
20050414,37,-1
20050415,33,-1
20050416,28,-1
20050417,32,5
20050418,33,4
20050419,30,2
20050420,35,7
20050421,33,-1
20050422,31,-1
20050423,28,-1
20050424,23,-1
20050425,18,-1
20050426,19,1
20050427,16,-1
20050428,10,-1
20050429,5,-1
20050430,-1,-1
20050501,-1,-1
20050502,-1,-1
20050503,-1,-1
20050504,-1,-1
20050505,-1,-1
20050506,1,1
20050507,-1,-1
20050508,7,7
20050509,-1,-1
20050510,-1,-1
20050511,2,2
20050512,-1,-1
20050513,-1,-1
20050514,-1,-1
20050515,-1,-1
20050516,-1,-1
20050517,-1,-1
20050518,5,5
20050519,1,1
20050520,-1,-1
20050521,-1,-1
20050522,-1,-1
20050523,-1,-1
20050524,1,1
20050525,-1,-1
20050526,-1,-1
20050527,-1,-1
20050528,-1,-1
20050529,-1,-1
20050530,-1,-1
20050531,-1,-1
20050601,-1,-1
20050602,-1,-1
20050603,-1,-1
20050604,-1,-1
20050605,-1,-1
20050606,-1,-1
20050607,-1,-1
20050608,1,1
20050609,1,1
20050610,1,1
20050611,-1,-1
20050612,-1,-1
20050613,-1,-1
20050614,-1,-1
20050615,-1,-1
20050616,-1,-1
20050617,-1,-1
20050618,-1,-1
20050619,-1,-1
20050620,-1,-1
20050621,-1,-1
20050622,-1,-1
20050623,-1,-1
20050624,-1,-1
20050625,-1,-1
20050626,-1,-1
20050627,-1,-1
20050628,-1,-1
20050629,-1,-1
20050630,-1,-1
20050701,-1,-1
20050702,-1,-1
20050703,-1,-1
20050704,-1,-1
20050705,1,1
20050706,1,1
20050707,-1,-1
20050708,2,2
20050709,-1,-1
20050710,-1,-1
20050711,-1,-1
20050712,-1,-1
20050713,-1,-1
20050714,-1,-1
20050715,-1,-1
20050716,-1,-1
20050717,-1,-1
20050718,-1,-1
20050719,-1,-1
20050720,-1,-1
20050721,-1,-1
20050722,-1,-1
20050723,-1,-1
20050724,-1,-1
20050725,-1,-1
20050726,-1,-1
20050727,-1,-1
20050728,-1,-1
20050729,-1,-1
20050730,-1,-1
20050731,-1,-1
20050801,-1,-1
20050802,-1,-1
20050803,-1,-1
20050804,-1,-1
20050805,-1,-1
20050806,-1,-1
20050807,-1,-1
20050808,-1,-1
20050809,-1,-1
20050810,-1,-1
20050811,-1,-1
20050812,-1,-1
20050813,-1,-1
20050814,-1,-1
20050815,-1,-1
20050816,-1,-1
20050817,-1,-1
20050818,-1,-1
20050819,-1,-1
20050820,-1,-1
20050821,-1,-1
20050822,-1,-1
20050823,-1,-1
20050824,-1,-1
20050825,-1,-1
20050826,-1,-1
20050827,-1,-1
20050828,-1,-1
20050829,-1,-1
20050830,-1,-1
20050831,-1,-1
20050901,-1,-1
20050902,-1,-1
20050903,-1,-1
20050904,-1,-1
20050905,-1,-1
20050906,-1,-1
20050907,-1,-1
20050908,-1,-1
20050909,-1,-1
20050910,-1,-1
20050911,-1,-1
20050912,-1,-1
20050913,-1,-1
20050914,-1,-1
20050915,-1,-1
20050916,-1,-1
20050917,-1,-1
20050918,8,8
20050919,-1,-1
20050920,-1,-1
20050921,-1,-1
20050922,-1,-1
20050923,-1,-1
20050924,-1,-1
20050925,-1,-1
20050926,-1,-1
20050927,-1,-1
20050928,-1,-1
20050929,-1,-1
20050930,1,1
20051001,-1,-1
20051002,-1,-1
20051003,30,30
20051004,19,-1
20051005,11,-1
20051006,2,-1
20051007,-1,-1
20051008,-1,-1
20051009,-1,-1
20051010,-1,-1
20051011,-1,-1
20051012,-1,-1
20051013,-1,-1
20051014,-1,-1
20051015,-1,-1
20051016,-1,-1
20051017,-1,-1
20051018,-1,-1
20051019,-1,-1
20051020,-1,-1
20051021,-1,-1
20051022,-1,-1
20051023,-1,-1
20051024,-1,-1
20051025,-1,-1
20051026,-1,-1
20051027,-1,-1
20051028,-1,-1
20051029,-1,-1
20051030,-1,-1
20051031,-1,-1
20051101,-1,-1
20051102,-1,-1
20051103,-1,-1
20051104,-1,-1
20051105,-1,-1
20051106,9,9
20051107,2,-1
20051108,1,-1
20051109,-1,-1
20051110,-1,-1
20051111,-1,-1
20051112,-1,-1
20051113,-1,-1
20051114,-1,-1
20051115,-1,-1
20051116,-1,-1
20051117,6,6
20051118,5,-1
20051119,6,2
20051120,6,-1
20051121,14,9
20051122,23,12
20051123,27,7
20051124,25,-1
20051125,23,-1
20051126,24,3
20051127,26,5
20051128,24,-1
20051129,23,-1
20051130,22,-1
20051201,22,-1
20051202,21,-1
20051203,22,2
20051204,28,8
20051205,27,-1
20051206,27,2
20051207,27,2
20051208,26,1
20051209,26,1
20051210,26,-1
20051211,26,-1
20051212,25,-1
20051213,30,6
20051214,29,-1
20051215,28,1
20051216,33,6
20051217,60,30
20051218,73,18
20051219,70,-1
20051220,71,4
20051221,68,-1
20051222,66,-1
20051223,71,8
20051224,73,5
20051225,70,-1
20051226,68,-1
20051227,66,-1
20051228,66,2
20051229,72,8
20051230,70,-1
20051231,76,8
20060101,73,-1
20060102,75,5
20060103,80,8
20060104,84,7
20060105,81,-1
20060106,78,-1
20060107,76,-1
20060108,74,-1
20060109,72,-1
20060110,71,-1
20060111,70,-1
20060112,69,-1
20060113,68,-1
20060114,67,-1
20060115,66,-1
20060116,65,-1
20060117,64,-1
20060118,68,5
20060119,81,14
20060120,79,-1
20060121,79,1
20060122,82,4
20060123,84,2
20060124,83,-1
20060125,82,-1
20060126,81,-1
20060127,81,1
20060128,84,4
20060129,82,-1
20060130,81,-1
20060131,80,-1
20060201,79,-1
20060202,78,-1
20060203,77,-1
20060204,76,-1
20060205,75,-1
20060206,77,3
20060207,82,6
20060208,95,15
20060209,95,2
20060210,96,2
20060211,97,3
20060212,96,1
20060213,95,-1
20060214,94,-1
20060215,93,-1
20060216,95,4
20060217,98,5
20060218,96,-1
20060219,104,9
20060220,120,19
20060221,115,-1
20060222,112,1
20060223,108,-1
20060224,106,1
20060225,112,9
20060226,111,3
20060227,118,9
20060228,114,1
20060301,110,0
20060302,107,1
20060303,105,1
20060304,104,0
20060305,106,4
20060306,112,8
20060307,114,4
20060308,112,0
20060309,135,25
20060310,133,6
20060311,130,1
20060312,130,3
20060313,129,1
20060314,127,-1
20060315,124,-1
20060316,121,-1
20060317,119,-1
20060318,117,-1
20060319,117,-1
20060320,116,-1
20060321,114,-1
20060322,113,1
20060323,111,-1
20060324,108,-1
20060325,106,-1
20060326,104,-1
20060327,100,-1
20060328,97,-1
20060329,108,12
20060330,102,-1
20060331,99,2
20060401,94,-1
20060402,91,-1
20060403,91,3
20060404,89,1
20060405,90,4
20060406,92,7
20060407,89,-1
20060408,86,-1
20060409,82,-1
20060410,77,-1
20060411,90,17
20060412,90,5
20060413,87,1
20060414,93,11
20060415,85,-1
20060416,76,-1
20060417,68,-1
20060418,60,-1
20060419,55,-1
20060420,51,-1
20060421,47,-1
20060422,44,-1
20060423,40,-1
20060424,36,-1
20060425,30,-1
20060426,25,-1
20060427,21,-1
20060428,16,-1
20060429,12,-1
20060430,17,7
20060501,12,1
20060502,7,-1
20060503,1,-1
20060504,-1,-1
20060505,-1,-1
20060506,-1,-1
20060507,-1,-1
20060508,-1,-1
20060509,-1,-1
20060510,13,13
20060511,2,-1
20060512,-1,-1
20060513,-1,-1
20060514,5,5
20060515,-1,-1
20060516,-1,-1
20060517,-1,-1
20060518,-1,-1
20060519,-1,-1
20060520,-1,-1
20060521,-1,-1
20060522,-1,-1
20060523,-1,-1
20060524,1,1
20060525,-1,-1
20060526,-1,-1
20060527,-1,-1
20060528,-1,-1
20060529,-1,-1
20060530,1,1
20060531,3,3
20060601,-1,-1
20060602,2,2
20060603,12,10
20060604,1,1
20060605,-1,-1
20060606,1,1
20060607,1,1
20060608,-1,-1
20060609,-1,-1
20060610,-1,-1
20060611,-1,-1
20060612,-1,-1
20060613,-1,-1
20060614,-1,-1
20060615,-1,-1
20060616,-1,-1
20060617,-1,-1
20060618,-1,-1
20060619,-1,-1
20060620,-1,-1
20060621,-1,-1
20060622,-1,-1
20060623,-1,-1
20060624,-1,-1
20060625,-1,-1
20060626,-1,-1
20060627,-1,-1
20060628,-1,-1
20060629,-1,-1
20060630,-1,-1
20060701,-1,-1
20060702,-1,-1
20060703,-1,-1
20060704,-1,-1
20060705,-1,-1
20060706,-1,-1
20060707,-1,-1
20060708,-1,-1
20060709,-1,-1
20060710,-1,-1
20060711,-1,-1
20060712,-1,-1
20060713,-1,-1
20060714,-1,-1
20060715,-1,-1
20060716,-1,-1
20060717,-1,-1
20060718,-1,-1
20060719,-1,-1
20060720,-1,-1
20060721,-1,-1
20060722,-1,-1
20060723,-1,-1
20060724,-1,-1
20060725,-1,-1
20060726,-1,-1
20060727,-1,-1
20060728,-1,-1
20060729,-1,-1
20060730,-1,-1
20060731,-1,-1
20060801,-1,-1
20060802,-1,-1
20060803,-1,-1
20060804,-1,-1
20060805,-1,-1
20060806,-1,-1
20060807,-1,-1
20060808,-1,-1
20060809,-1,-1
20060810,-1,-1
20060811,-1,-1
20060812,-1,-1
20060813,-1,-1
20060814,-1,-1
20060815,-1,-1
20060816,-1,-1
20060817,-1,-1
20060818,-1,-1
20060819,-1,-1
20060820,-1,-1
20060821,-1,-1
20060822,-1,-1
20060823,-1,-1
20060824,-1,-1
20060825,-1,-1
20060826,-1,-1
20060827,-1,-1
20060828,-1,-1
20060829,-1,-1
20060830,-1,-1
20060831,-1,-1
20060901,-1,-1
20060902,-1,-1
20060903,-1,-1
20060904,-1,-1
20060905,-1,-1
20060906,-1,-1
20060907,-1,-1
20060908,-1,-1
20060909,-1,-1
20060910,-1,-1
20060911,-1,-1
20060912,-1,-1
20060913,-1,-1
20060914,-1,-1
20060915,-1,-1
20060916,-1,-1
20060917,-1,-1
20060918,-1,-1
20060919,-1,-1
20060920,-1,-1
20060921,-1,-1
20060922,-1,-1
20060923,-1,-1
20060924,-1,-1
20060925,-1,-1
20060926,-1,-1
20060927,-1,-1
20060928,-1,-1
20060929,-1,-1
20060930,-1,-1
20061001,-1,-1
20061002,-1,-1
20061003,-1,-1
20061004,-1,-1
20061005,13,13
20061006,6,-1
20061007,2,-1
20061008,-1,-1
20061009,-1,-1
20061010,-1,-1
20061011,-1,-1
20061012,-1,-1
20061013,-1,-1
20061014,-1,-1
20061015,-1,-1
20061016,-1,-1
20061017,-1,-1
20061018,-1,-1
20061019,-1,-1
20061020,-1,-1
20061021,-1,-1
20061022,-1,-1
20061023,-1,-1
20061024,-1,-1
20061025,-1,-1
20061026,-1,-1
20061027,-1,-1
20061028,-1,-1
20061029,-1,-1
20061030,-1,-1
20061031,-1,-1
20061101,-1,-1
20061102,1,1
20061103,2,2
20061104,2,-1
20061105,2,-1
20061106,3,1
20061107,2,-1
20061108,2,-1
20061109,1,-1
20061110,1,-1
20061111,-1,-1
20061112,3,3
20061113,15,13
20061114,10,-1
20061115,5,-1
20061116,3,-1
20061117,1,-1
20061118,-1,-1
20061119,-1,-1
20061120,11,11
20061121,8,-1
20061122,18,11
20061123,16,1
20061124,14,-1
20061125,12,-1
20061126,11,-1
20061127,10,-1
20061128,9,-1
20061129,8,-1
20061130,7,-1
20061201,7,-1
20061202,7,-1
20061203,7,-1
20061204,6,-1
20061205,6,-1
20061206,6,-1
20061207,8,2
20061208,7,-1
20061209,15,9
20061210,30,17
20061211,29,1
20061212,27,-1
20061213,25,-1
20061214,24,-1
20061215,23,-1
20061216,22,-1
20061217,22,-1
20061218,25,3
20061219,28,4
20061220,28,1
20061221,27,-1
20061222,27,-1
20061223,26,-1
20061224,26,-1
20061225,26,-1
20061226,26,-1
20061227,26,-1
20061228,26,-1
20061229,25,-1
20061230,25,-1
20061231,25,-1
20070101,24,-1
20070102,27,4
20070103,30,4
20070104,30,1
20070105,33,5
20070106,32,1
20070107,32,-1
20070108,31,-1
20070109,33,2
20070110,31,-1
20070111,30,-1
20070112,34,5
20070113,34,1
20070114,34,-1
20070115,33,-1
20070116,33,-1
20070117,33,-1
20070118,32,-1
20070119,28,-1
20070120,24,-1
20070121,20,-1
20070122,20,-1
20070123,24,4
20070124,38,15
20070125,38,3
20070126,37,1
20070127,38,2
20070128,40,4
20070129,38,-1
20070130,37,-1
20070131,36,-1
20070201,36,-1
20070202,35,-1
20070203,35,-1
20070204,34,-1
20070205,33,-1
20070206,33,-1
20070207,33,1
20070208,32,-1
20070209,32,1
20070210,32,-1
20070211,31,-1
20070212,33,3
20070213,43,11
20070214,45,4
20070215,45,2
20070216,43,-1
20070217,42,-1
20070218,41,-1
20070219,41,-1
20070220,40,-1
20070221,40,-1
20070222,39,-1
20070223,38,-1
20070224,37,-1
20070225,38,1
20070226,48,11
20070227,54,9
20070228,62,14
20070301,56,1
20070302,60,8
20070303,61,5
20070304,60,4
20070305,57,-1
20070306,55,-1
20070307,56,4
20070308,56,3
20070309,55,-1
20070310,55,1
20070311,54,-1
20070312,53,-1
20070313,51,-1
20070314,50,-1
20070315,48,-1
20070316,47,-1
20070317,45,-1
20070318,44,-1
20070319,58,16
20070320,62,9
20070321,69,11
20070322,64,-1
20070323,60,-1
20070324,59,2
20070325,68,13
20070326,62,-1
20070327,59,1
20070328,55,-1
20070329,53,-1
20070330,50,-1
20070331,59,13
20070401,55,-1
20070402,52,-1
20070403,49,-1
20070404,54,8
20070405,51,-1
20070406,47,-1
20070407,45,-1
20070408,41,-1
20070409,38,-1
20070410,34,-1
20070411,30,-1
20070412,25,-1
20070413,19,-1
20070414,13,-1
20070415,8,-1
20070416,3,-1
20070417,-1,-1
20070418,-1,-1
20070419,-1,-1
20070420,-1,-1
20070421,-1,-1
20070422,-1,-1
20070423,-1,-1
20070424,-1,-1
20070425,-1,-1
20070426,-1,-1
20070427,-1,-1
20070428,-1,-1
20070429,-1,-1
20070430,-1,-1
20070501,-1,-1
20070502,-1,-1
20070503,-1,-1
20070504,-1,-1
20070505,-1,-1
20070506,1,1
20070507,-1,-1
20070508,-1,-1
20070509,-1,-1
20070510,-1,-1
20070511,-1,-1
20070512,-1,-1
20070513,-1,-1
20070514,-1,-1
20070515,-1,-1
20070516,-1,-1
20070517,1,1
20070518,2,2
20070519,-1,-1
20070520,-1,-1
20070521,-1,-1
20070522,-1,-1
20070523,-1,-1
20070524,-1,-1
20070525,-1,-1
20070526,-1,-1
20070527,-1,-1
20070528,-1,-1
20070529,20,20
20070530,22,9
20070531,3,-1
20070601,-1,-1
20070602,-1,-1
20070603,-1,-1
20070604,-1,-1
20070605,-1,-1
20070606,-1,-1
20070607,-1,-1
20070608,-1,-1
20070609,-1,-1
20070610,-1,-1
20070611,-1,-1
20070612,-1,-1
20070613,-1,-1
20070614,-1,-1
20070615,-1,-1
20070616,-1,-1
20070617,-1,-1
20070618,-1,-1
20070619,-1,-1
20070620,-1,-1
20070621,-1,-1
20070622,-1,-1
20070623,-1,-1
20070624,-1,-1
20070625,-1,-1
20070626,-1,-1
20070627,-1,-1
20070628,-1,-1
20070629,-1,-1
20070630,-1,-1
20070701,-1,-1
20070702,-1,-1
20070703,-1,-1
20070704,-1,-1
20070705,-1,-1
20070706,-1,-1
20070707,-1,-1
20070708,-1,-1
20070709,-1,-1
20070710,1,1
20070711,-1,-1
20070712,-1,-1
20070713,-1,-1
20070714,-1,-1
20070715,-1,-1
20070716,-1,-1
20070717,-1,-1
20070718,-1,-1
20070719,-1,-1
20070720,-1,-1
20070721,-1,-1
20070722,-1,-1
20070723,-1,-1
20070724,-1,-1
20070725,-1,-1
20070726,-1,-1
20070727,-1,-1
20070728,-1,-1
20070729,-1,-1
20070730,-1,-1
20070731,-1,-1
20070801,-1,-1
20070802,-1,-1
20070803,-1,-1
20070804,-1,-1
20070805,-1,-1
20070806,-1,-1
20070807,-1,-1
20070808,-1,-1
20070809,-1,-1
20070810,-1,-1
20070811,-1,-1
20070812,-1,-1
20070813,-1,-1
20070814,-1,-1
20070815,-1,-1
20070816,-1,-1
20070817,-1,-1
20070818,-1,-1
20070819,-1,-1
20070820,-1,-1
20070821,-1,-1
20070822,-1,-1
20070823,-1,-1
20070824,-1,-1
20070825,-1,-1
20070826,-1,-1
20070827,-1,-1
20070828,-1,-1
20070829,-1,-1
20070830,-1,-1
20070831,-1,-1
20070901,-1,-1
20070902,-1,-1
20070903,-1,-1
20070904,-1,-1
20070905,18,18
20070906,15,-1
20070907,10,-1
20070908,-1,-1
20070909,-1,-1
20070910,-1,-1
20070911,-1,-1
20070912,-1,-1
20070913,-1,-1
20070914,-1,-1
20070915,-1,-1
20070916,-1,-1
20070917,-1,-1
20070918,-1,-1
20070919,1,1
20070920,-1,-1
20070921,-1,-1
20070922,-1,-1
20070923,-1,-1
20070924,-1,-1
20070925,-1,-1
20070926,16,16
20070927,27,18
20070928,37,22
20070929,23,-1
20070930,16,-1
20071001,12,-1
20071002,9,-1
20071003,5,-1
20071004,-1,-1
20071005,-1,-1
20071006,-1,-1
20071007,-1,-1
20071008,-1,-1
20071009,-1,-1
20071010,-1,-1
20071011,-1,-1
20071012,-1,-1
20071013,-1,-1
20071014,-1,-1
20071015,-1,-1
20071016,-1,-1
20071017,-1,-1
20071018,-1,-1
20071019,3,3
20071020,3,1
20071021,6,4
20071022,8,4
20071023,7,-1
20071024,9,4
20071025,8,-1
20071026,7,-1
20071027,4,-1
20071028,-1,-1
20071029,-1,-1
20071030,-1,-1
20071031,7,7
20071101,6,-1
20071102,4,-1
20071103,3,-1
20071104,1,-1
20071105,-1,-1
20071106,-1,-1
20071107,5,5
20071108,22,19
20071109,19,-1
20071110,25,8
20071111,66,45
20071112,68,10
20071113,61,1
20071114,57,2
20071115,55,4
20071116,53,2
20071117,50,-1
20071118,48,-1
20071119,47,-1
20071120,46,-1
20071121,44,-1
20071122,41,-1
20071123,38,-1
20071124,43,8
20071125,42,1
20071126,44,3
20071127,45,2
20071128,44,-1
20071129,43,-1
20071130,42,-1
20071201,42,1
20071202,40,1
20071203,42,4
20071204,50,10
20071205,52,6
20071206,49,-1
20071207,49,1
20071208,55,7
20071209,54,-1
20071210,54,1
20071211,54,2
20071212,56,3
20071213,62,8
20071214,60,-1
20071215,58,-1
20071216,56,-1
20071217,54,-1
20071218,53,-1
20071219,52,-1
20071220,52,-1
20071221,51,-1
20071222,51,-1
20071223,51,-1
20071224,50,-1
20071225,50,-1
20071226,50,-1
20071227,49,-1
20071228,49,-1
20071229,49,-1
20071230,49,-1
20071231,51,3
20080101,52,1
20080102,51,-1
20080103,50,-1
20080104,49,-1
20080105,49,-1
20080106,51,2
20080107,53,3
20080108,58,6
20080109,57,-1
20080110,57,-1
20080111,56,-1
20080112,56,1
20080113,98,47
20080114,92,-1
20080115,89,-1
20080116,85,1
20080117,91,7
20080118,91,4
20080119,88,2
20080120,84,-1
20080121,81,-1
20080122,79,1
20080123,83,7
20080124,82,-1
20080125,83,2
20080126,83,1
20080127,80,-1
20080128,86,7
20080129,82,-1
20080130,80,-1
20080131,81,2
20080201,80,-1
20080202,79,-1
20080203,81,3
20080204,80,-1
20080205,84,5
20080206,83,-1
20080207,87,5
20080208,85,-1
20080209,84,-1
20080210,83,-1
20080211,83,-1
20080212,82,-1
20080213,82,-1
20080214,81,-1
20080215,81,-1
20080216,81,-1
20080217,80,-1
20080218,80,-1
20080219,79,-1
20080220,78,-1
20080221,77,-1
20080222,76,-1
20080223,75,-1
20080224,74,-1
20080225,72,-1
20080226,71,-1
20080227,71,-1
20080228,70,-1
20080229,68,-1
20080301,65,-1
20080302,77,14
20080303,68,-1
20080304,66,1
20080305,68,2
20080306,69,1
20080307,68,-1
20080308,67,-1
20080309,66,-1
20080310,65,-1
20080311,70,6
20080312,74,7
20080313,82,10
20080314,79,1
20080315,74,-1
20080316,71,-1
20080317,76,6
20080318,78,4
20080319,76,-1
20080320,76,1
20080321,75,-1
20080322,80,5
20080323,78,-1
20080324,86,10
20080325,83,2
20080326,86,4
20080327,84,-1
20080328,86,4
20080329,84,-1
20080330,79,-1
20080331,76,-1
20080401,73,-1
20080402,69,-1
20080403,85,16
20080404,85,3
20080405,83,-1
20080406,82,-1
20080407,94,15
20080408,90,-1
20080409,85,-1
20080410,81,-1
20080411,77,-1
20080412,80,6
20080413,78,-1
20080414,76,-1
20080415,78,6
20080416,80,5
20080417,75,-1
20080418,73,-1
20080419,72,1
20080420,70,-1
20080421,67,-1
20080422,80,16
20080423,73,2
20080424,70,-1
20080425,67,4
20080426,63,-1
20080427,58,-1
20080428,53,-1
20080429,48,2
20080430,43,-1
20080501,51,12
20080502,39,-1
20080503,33,-1
20080504,28,-1
20080505,21,-1
20080506,10,-1
20080507,2,-1
20080508,2,-1
20080509,1,-1
20080510,1,-1
20080511,-1,-1
20080512,-1,-1
20080513,-1,-1
20080514,-1,-1
20080515,-1,-1
20080516,-1,-1
20080517,-1,-1
20080518,-1,-1
20080519,-1,-1
20080520,-1,-1
20080521,1,1
20080522,-1,-1
20080523,3,3
20080524,-1,-1
20080525,-1,-1
20080526,-1,-1
20080527,-1,-1
20080528,-1,-1
20080529,-1,-1
20080530,-1,-1
20080531,-1,-1
20080601,-1,-1
20080602,-1,-1
20080603,-1,-1
20080604,-1,-1
20080605,-1,-1
20080606,-1,-1
20080607,-1,-1
20080608,-1,-1
20080609,-1,-1
20080610,-1,-1
20080611,-1,-1
20080612,-1,-1
20080613,-1,-1
20080614,-1,-1
20080615,-1,-1
20080616,-1,-1
20080617,-1,-1
20080618,-1,-1
20080619,-1,-1
20080620,-1,-1
20080621,-1,-1
20080622,-1,-1
20080623,-1,-1
20080624,-1,-1
20080625,-1,-1
20080626,-1,-1
20080627,-1,-1
20080628,-1,-1
20080629,-1,-1
20080630,-1,-1
20080701,-1,-1
20080702,-1,-1
20080703,-1,-1
20080704,-1,-1
20080705,-1,-1
20080706,-1,-1
20080707,-1,-1
20080708,-1,-1
20080709,-1,-1
20080710,-1,-1
20080711,-1,-1
20080712,-1,-1
20080713,-1,-1
20080714,-1,-1
20080715,-1,-1
20080716,-1,-1
20080717,-1,-1
20080718,-1,-1
20080719,-1,-1
20080720,-1,-1
20080721,-1,-1
20080722,-1,-1
20080723,-1,-1
20080724,-1,-1
20080725,-1,-1
20080726,-1,-1
20080727,-1,-1
20080728,-1,-1
20080729,-1,-1
20080730,-1,-1
20080731,-1,-1
20080801,-1,-1
20080802,-1,-1
20080803,-1,-1
20080804,-1,-1
20080805,-1,-1
20080806,-1,-1
20080807,-1,-1
20080808,-1,-1
20080809,-1,-1
20080810,-1,-1
20080811,-1,-1
20080812,-1,-1
20080813,-1,-1
20080814,-1,-1
20080815,-1,-1
20080816,-1,-1
20080817,-1,-1
20080818,-1,-1
20080819,-1,-1
20080820,-1,-1
20080821,-1,-1
20080822,-1,-1
20080823,-1,-1
20080824,-1,-1
20080825,-1,-1
20080826,-1,-1
20080827,-1,-1
20080828,-1,-1
20080829,-1,-1
20080830,-1,-1
20080831,-1,-1
20080901,-1,-1
20080902,-1,-1
20080903,-1,-1
20080904,-1,-1
20080905,-1,-1
20080906,-1,-1
20080907,-1,-1
20080908,-1,-1
20080909,-1,-1
20080910,-1,-1
20080911,-1,-1
20080912,-1,-1
20080913,-1,-1
20080914,-1,-1
20080915,1,1
20080916,1,1
20080917,-1,-1
20080918,-1,-1
20080919,-1,-1
20080920,-1,-1
20080921,-1,-1
20080922,-1,-1
20080923,12,12
20080924,-1,-1
20080925,-1,-1
20080926,1,1
20080927,-1,-1
20080928,-1,-1
20080929,-1,-1
20080930,-1,-1
20081001,-1,-1
20081002,-1,-1
20081003,7,7
20081004,20,15
20081005,14,-1
20081006,10,-1
20081007,6,-1
20081008,-1,-1
20081009,-1,-1
20081010,-1,-1
20081011,-1,-1
20081012,-1,-1
20081013,-1,-1
20081014,-1,-1
20081015,-1,-1
20081016,-1,-1
20081017,1,1
20081018,-1,-1
20081019,-1,-1
20081020,-1,-1
20081021,-1,-1
20081022,-1,-1
20081023,-1,-1
20081024,-1,-1
20081025,-1,-1
20081026,-1,-1
20081027,-1,-1
20081028,-1,-1
20081029,-1,-1
20081030,-1,-1
20081031,4,4
20081101,-1,-1
20081102,-1,-1
20081103,-1,-1
20081104,-1,-1
20081105,-1,-1
20081106,-1,-1
20081107,-1,-1
20081108,-1,-1
20081109,-1,-1
20081110,-1,-1
20081111,-1,-1
20081112,-1,-1
20081113,17,17
20081114,24,10
20081115,21,-1
20081116,20,-1
20081117,20,2
20081118,17,-1
20081119,16,-1
20081120,16,-1
20081121,17,2
20081122,47,33
20081123,52,12
20081124,49,3
20081125,44,-1
20081126,41,-1
20081127,39,-1
20081128,37,-1
20081129,46,11
20081130,55,12
20081201,68,17
20081202,73,15
20081203,67,-1
20081204,63,-1
20081205,60,-1
20081206,58,1
20081207,58,3
20081208,56,-1
20081209,54,-1
20081210,52,-1
20081211,52,3
20081212,88,39
20081213,89,10
20081214,85,2
20081215,83,2
20081216,78,-1
20081217,74,-1
20081218,73,3
20081219,76,6
20081220,81,7
20081221,107,30
20081222,106,6
20081223,99,-1
20081224,94,-1
20081225,92,-1
20081226,92,2
20081227,90,-1
20081228,88,-1
20081229,86,-1
20081230,85,-1
20081231,83,-1
20090101,86,4
20090102,85,1
20090103,83,-1
20090104,82,-1
20090105,82,-1
20090106,81,-1
20090107,81,-1
20090108,80,-1
20090109,79,-1
20090110,78,-1
20090111,78,-1
20090112,77,-1
20090113,77,-1
20090114,76,-1
20090115,87,12
20090116,85,-1
20090117,83,-1
20090118,82,-1
20090119,84,3
20090120,82,-1
20090121,91,9
20090122,90,2
20090123,87,-1
20090124,93,8
20090125,93,2
20090126,91,-1
20090127,90,-1
20090128,100,12
20090129,97,-1
20090130,95,-1
20090131,93,-1
20090201,91,-1
20090202,89,1
20090203,90,3
20090204,88,-1
20090205,87,-1
20090206,83,-1
20090207,102,19
20090208,107,12
20090209,104,2
20090210,102,-1
20090211,101,2
20090212,101,2
20090213,101,1
20090214,104,4
20090215,105,2
20090216,105,-1
20090217,108,4
20090218,124,18
20090219,122,-1
20090220,120,-1
20090221,123,5
20090222,131,9
20090223,131,2
20090224,131,2
20090225,131,1
20090226,129,-1
20090227,142,16
20090228,137,1
20090301,133,-1
20090302,129,-1
20090303,126,1
20090304,121,1
20090305,132,13
20090306,152,22
20090307,148,2
20090308,146,1
20090309,150,7
20090310,149,3
20090311,156,10
20090312,157,5
20090313,170,18
20090314,161,-1
20090315,153,-1
20090316,148,1
20090317,143,-1
20090318,139,-1
20090319,138,-1
20090320,140,3
20090321,138,-1
20090322,137,-1
20090323,135,-1
20090324,140,6
20090325,137,1
20090326,143,9
20090327,143,3
20090328,139,-1
20090329,136,-1
20090330,154,25
20090331,143,-1
20090401,137,-1
20090402,132,-1
20090403,129,-1
20090404,127,-1
20090405,124,-1
20090406,121,-1
20090407,118,-1
20090408,116,-1
20090409,111,-1
20090410,106,-1
20090411,101,-1
20090412,96,-1
20090413,93,-1
20090414,89,-1
20090415,85,-1
20090416,78,-1
20090417,80,4
20090418,77,-1
20090419,73,-1
20090420,70,-1
20090421,64,-1
20090422,59,-1
20090423,57,3
20090424,58,3
20090425,55,-1
20090426,53,-1
20090427,48,-1
20090428,44,-1
20090429,59,19
20090430,54,6
20090501,49,-1
20090502,43,-1
20090503,39,-1
20090504,32,-1
20090505,27,-1
20090506,24,1
20090507,20,-1
20090508,14,-1
20090509,7,-1
20090510,-1,-1
20090511,-1,-1
20090512,-1,-1
20090513,-1,-1
20090514,-1,-1
20090515,-1,-1
20090516,-1,-1
20090517,-1,-1
20090518,-1,-1
20090519,-1,-1
20090520,-1,-1
20090521,-1,-1
20090522,-1,-1
20090523,-1,-1
20090524,-1,-1
20090525,-1,-1
20090526,-1,-1
20090527,-1,-1
20090528,-1,-1
20090529,-1,-1
20090530,-1,-1
20090531,-1,-1
20090601,-1,-1
20090602,-1,-1
20090603,-1,-1
20090604,-1,-1
20090605,-1,-1
20090606,-1,-1
20090607,-1,-1
20090608,-1,-1
20090609,-1,-1
20090610,-1,-1
20090611,-1,-1
20090612,-1,-1
20090613,-1,-1
20090614,-1,-1
20090615,-1,-1
20090616,-1,-1
20090617,-1,-1
20090618,-1,-1
20090619,-1,-1
20090620,-1,-1
20090621,-1,-1
20090622,-1,-1
20090623,-1,-1
20090624,-1,-1
20090625,-1,-1
20090626,-1,-1
20090627,-1,-1
20090628,-1,-1
20090629,-1,-1
20090630,-1,-1
20090701,-1,-1
20090702,-1,-1
20090703,-1,-1
20090704,-1,-1
20090705,-1,-1
20090706,-1,-1
20090707,-1,-1
20090708,-1,-1
20090709,-1,-1
20090710,-1,-1
20090711,-1,-1
20090712,-1,-1
20090713,-1,-1
20090714,-1,-1
20090715,-1,-1
20090716,-1,-1
20090717,-1,-1
20090718,8,8
20090719,9,5
20090720,-1,-1
20090721,-1,-1
20090722,-1,-1
20090723,-1,-1
20090724,-1,-1
20090725,-1,-1
20090726,-1,-1
20090727,-1,-1
20090728,-1,-1
20090729,-1,-1
20090730,-1,-1
20090731,-1,-1
20090801,-1,-1
20090802,-1,-1
20090803,-1,-1
20090804,-1,-1
20090805,-1,-1
20090806,-1,-1
20090807,-1,-1
20090808,-1,-1
20090809,-1,-1
20090810,-1,-1
20090811,-1,-1
20090812,-1,-1
20090813,-1,-1
20090814,-1,-1
20090815,-1,-1
20090816,-1,-1
20090817,-1,-1
20090818,-1,-1
20090819,-1,-1
20090820,-1,-1
20090821,-1,-1
20090822,-1,-1
20090823,-1,-1
20090824,-1,-1
20090825,-1,-1
20090826,-1,-1
20090827,-1,-1
20090828,-1,-1
20090829,-1,-1
20090830,-1,-1
20090831,-1,-1
20090901,-1,-1
20090902,-1,-1
20090903,-1,-1
20090904,-1,-1
20090905,-1,-1
20090906,-1,-1
20090907,-1,-1
20090908,-1,-1
20090909,-1,-1
20090910,-1,-1
20090911,-1,-1
20090912,-1,-1
20090913,-1,-1
20090914,-1,-1
20090915,-1,-1
20090916,-1,-1
20090917,-1,-1
20090918,-1,-1
20090919,-1,-1
20090920,-1,-1
20090921,-1,-1
20090922,-1,-1
20090923,-1,-1
20090924,-1,-1
20090925,-1,-1
20090926,-1,-1
20090927,-1,-1
20090928,-1,-1
20090929,-1,-1
20090930,-1,-1
20091001,-1,-1
20091002,-1,-1
20091003,-1,-1
20091004,-1,-1
20091005,-1,-1
20091006,-1,-1
20091007,-1,-1
20091008,-1,-1
20091009,-1,-1
20091010,-1,-1
20091011,-1,-1
20091012,9,9
20091013,15,9
20091014,20,8
20091015,21,3
20091016,22,4
20091017,30,11
20091018,28,2
20091019,27,1
20091020,25,-1
20091021,24,-1
20091022,21,-1
20091023,18,-1
20091024,16,2
20091025,10,-1
20091026,-1,-1
20091027,-1,-1
20091028,-1,-1
20091029,-1,-1
20091030,-1,-1
20091031,-1,-1
20091101,-1,-1
20091102,-1,-1
20091103,16,16
20091104,16,3
20091105,15,2
20091106,16,4
20091107,20,6
20091108,21,3
20091109,34,16
20091110,30,1
20091111,30,3
20091112,28,-1
20091113,25,-1
20091114,23,-1
20091115,22,-1
20091116,21,-1
20091117,19,-1
20091118,17,-1
20091119,15,-1
20091120,14,-1
20091121,13,-1
20091122,12,-1
20091123,11,-1
20091124,12,1
20091125,13,2
20091126,12,-1
20091127,11,-1
20091128,11,-1
20091129,11,-1
20091130,28,18
20091201,62,42
20091202,55,2
20091203,52,-1
20091204,52,3
20091205,61,12
20091206,57,-1
20091207,55,-1
20091208,56,4
20091209,66,12
20091210,64,-1
20091211,68,6
20091212,68,3
20091213,66,1
20091214,63,-1
20091215,60,-1
20091216,59,-1
20091217,58,-1
20091218,57,-1
20091219,56,-1
20091220,57,1
20091221,56,-1
20091222,56,-1
20091223,58,3
20091224,58,1
20091225,54,-1
20091226,65,14
20091227,63,-1
20091228,62,-1
20091229,61,-1
20091230,60,-1
20091231,64,5
20100101,63,-1
20100102,65,3
20100103,65,1
20100104,63,-1
20100105,63,1
20100106,62,-1
20100107,63,2
20100108,64,1
20100109,64,1
20100110,73,11
20100111,71,-1
20100112,71,1
20100113,69,-1
20100114,69,-1
20100115,67,-1
20100116,66,-1
20100117,66,-1
20100118,66,-1
20100119,65,-1
20100120,65,-1
20100121,68,3
20100122,69,2
20100123,69,-1
20100124,68,-1
20100125,68,-1
20100126,67,-1
20100127,69,2
20100128,69,2
20100129,73,5
20100130,72,2
20100131,72,2
20100201,71,1
20100202,73,3
20100203,72,-1
20100204,72,1
20100205,72,1
20100206,82,12
20100207,85,5
20100208,83,-1
20100209,82,-1
20100210,81,-1
20100211,92,12
20100212,93,3
20100213,90,0
20100214,88,-1
20100215,86,-1
20100216,84,-1
20100217,83,-1
20100218,81,-1
20100219,79,0
20100220,86,8
20100221,84,1
20100222,81,-1
20100223,80,-1
20100224,79,-1
20100225,79,0
20100226,79,0
20100227,82,4
20100228,81,-1
20100301,80,-1
20100302,79,-1
20100303,79,-1
20100304,79,-1
20100305,81,3
20100306,80,-1
20100307,83,5
20100308,82,-1
20100309,81,-1
20100310,81,1
20100311,82,2
20100312,86,6
20100313,84,-1
20100314,83,-1
20100315,82,-1
20100316,81,-1
20100317,82,1
20100318,80,-1
20100319,78,-1
20100320,77,-1
20100321,75,-1
20100322,71,-1
20100323,69,-1
20100324,65,-1
20100325,60,-1
20100326,55,-1
20100327,61,12
20100328,58,3
20100329,53,-1
20100330,48,-1
20100331,54,10
20100401,48,-1
20100402,56,9
20100403,53,-1
20100404,51,-1
20100405,54,4
20100406,51,-1
20100407,49,-1
20100408,44,-1
20100409,40,-1
20100410,37,-1
20100411,38,3
20100412,36,1
20100413,35,-1
20100414,37,3
20100415,36,-1
20100416,32,-1
20100417,35,7
20100418,32,3
20100419,28,1
20100420,24,-1
20100421,22,1
20100422,16,-1
20100423,11,-1
20100424,5,-1
20100425,-1,-1
20100426,-1,-1
20100427,-1,-1
20100428,-1,-1
20100429,-1,-1
20100430,-1,-1
20100501,-1,-1
20100502,-1,-1
20100503,10,10
20100504,-1,-1
20100505,-1,-1
20100506,-1,-1
20100507,1,1
20100508,-1,-1
20100509,-1,-1
20100510,-1,-1
20100511,-1,-1
20100512,-1,-1
20100513,-1,-1
20100514,8,8
20100515,1,1
20100516,1,1
20100517,1,1
20100518,2,1
20100519,3,2
20100520,3,3
20100521,-1,-1
20100522,-1,-1
20100523,-1,-1
20100524,-1,-1
20100525,-1,-1
20100526,-1,-1
20100527,-1,-1
20100528,-1,-1
20100529,-1,-1
20100530,-1,-1
20100531,8,8
20100601,1,1
20100602,-1,-1
20100603,1,1
20100604,-1,-1
20100605,-1,-1
20100606,-1,-1
20100607,-1,-1
20100608,-1,-1
20100609,-1,-1
20100610,-1,-1
20100611,-1,-1
20100612,-1,-1
20100613,-1,-1
20100614,-1,-1
20100615,-1,-1
20100616,-1,-1
20100617,-1,-1
20100618,-1,-1
20100619,-1,-1
20100620,11,11
20100621,19,12
20100622,9,-1
20100623,1,-1
20100624,-1,-1
20100625,-1,-1
20100626,-1,-1
20100627,-1,-1
20100628,-1,-1
20100629,-1,-1
20100630,-1,-1
20100701,-1,-1
20100702,-1,-1
20100703,-1,-1
20100704,-1,-1
20100705,-1,-1
20100706,-1,-1
20100707,-1,-1
20100708,-1,-1
20100709,-1,-1
20100710,-1,-1
20100711,-1,-1
20100712,-1,-1
20100713,-1,-1
20100714,-1,-1
20100715,-1,-1
20100716,-1,-1
20100717,-1,-1
20100718,-1,-1
20100719,-1,-1
20100720,-1,-1
20100721,-1,-1
20100722,-1,-1
20100723,-1,-1
20100724,-1,-1
20100725,-1,-1
20100726,-1,-1
20100727,-1,-1
20100728,-1,-1
20100729,-1,-1
20100730,-1,-1
20100731,-1,-1
20100801,-1,-1
20100802,-1,-1
20100803,-1,-1
20100804,-1,-1
20100805,-1,-1
20100806,3,3
20100807,-1,-1
20100808,-1,-1
20100809,-1,-1
20100810,-1,-1
20100811,-1,-1
20100812,-1,-1
20100813,-1,-1
20100814,-1,-1
20100815,-1,-1
20100816,-1,-1
20100817,-1,-1
20100818,-1,-1
20100819,-1,-1
20100820,-1,-1
20100821,-1,-1
20100822,-1,-1
20100823,-1,-1
20100824,-1,-1
20100825,-1,-1
20100826,-1,-1
20100827,-1,-1
20100828,-1,-1
20100829,-1,-1
20100830,-1,-1
20100831,29,29
20100901,8,-1
20100902,-1,-1
20100903,-1,-1
20100904,-1,-1
20100905,-1,-1
20100906,-1,-1
20100907,-1,-1
20100908,-1,-1
20100909,-1,-1
20100910,-1,-1
20100911,-1,-1
20100912,-1,-1
20100913,-1,-1
20100914,-1,-1
20100915,-1,-1
20100916,-1,-1
20100917,-1,-1
20100918,-1,-1
20100919,-1,-1
20100920,-1,-1
20100921,-1,-1
20100922,-1,-1
20100923,-1,-1
20100924,-1,-1
20100925,25,25
20100926,13,-1
20100927,10,2
20100928,14,6
20100929,8,-1
20100930,2,-1
20101001,-1,-1
20101002,-1,-1
20101003,-1,-1
20101004,-1,-1
20101005,-1,-1
20101006,-1,-1
20101007,-1,-1
20101008,-1,-1
20101009,-1,-1
20101010,-1,-1
20101011,-1,-1
20101012,-1,-1
20101013,-1,-1
20101014,-1,-1
20101015,-1,-1
20101016,-1,-1
20101017,11,11
20101018,13,5
20101019,9,-1
20101020,10,3
20101021,15,6
20101022,14,-1
20101023,11,-1
20101024,9,-1
20101025,48,39
20101026,58,18
20101027,49,-1
20101028,43,-1
20101029,39,-1
20101030,37,-1
20101031,32,-1
20101101,19,-1
20101102,14,-1
20101103,12,-1
20101104,10,-1
20101105,9,-1
20101106,8,-1
20101107,8,-1
20101108,26,19
20101109,28,7
20101110,26,-1
20101111,25,-1
20101112,23,-1
20101113,18,-1
20101114,17,-1
20101115,16,-1
20101116,11,-1
20101117,37,26
20101118,35,2
20101119,43,12
20101120,44,5
20101121,40,-1
20101122,71,36
20101123,63,3
20101124,57,1
20101125,54,-1
20101126,51,1
20101127,50,4
20101128,47,-1
20101129,51,6
20101130,47,-1
20101201,48,3
20101202,54,9
20101203,52,2
20101204,50,1
20101205,49,-1
20101206,49,1
20101207,48,-1
20101208,46,-1
20101209,50,5
20101210,50,2
20101211,68,20
20101212,70,11
20101213,67,3
20101214,66,2
20101215,65,1
20101216,64,1
20101217,61,-1
20101218,63,5
20101219,61,-1
20101220,59,-1
20101221,58,-1
20101222,56,-1
20101223,54,-1
20101224,61,10
20101225,65,9
20101226,73,12
20101227,70,1
20101228,68,-1
20101229,76,10
20101230,74,-1
20101231,72,-1
20110101,69,-1
20110102,67,-1
20110103,70,5
20110104,68,-1
20110105,67,-1
20110106,65,-1
20110107,63,-1
20110108,61,-1
20110109,60,-1
20110110,59,-1
20110111,60,2
20110112,61,1
20110113,70,10
20110114,67,-1
20110115,65,-1
20110116,63,-1
20110117,62,-1
20110118,61,-1
20110119,60,-1
20110120,63,4
20110121,63,2
20110122,65,3
20110123,64,-1
20110124,63,-1
20110125,67,5
20110126,70,5
20110127,69,-1
20110128,67,-1
20110129,66,-1
20110130,65,-1
20110131,65,-1
20110201,65,-1
20110202,64,-1
20110203,64,-1
20110204,63,-1
20110205,63,-1
20110206,62,-1
20110207,62,-1
20110208,61,-1
20110209,61,-1
20110210,61,-1
20110211,60,-1
20110212,59,-1
20110213,59,-1
20110214,58,-1
20110215,58,-1
20110216,58,-1
20110217,58,-1
20110218,58,-1
20110219,58,-1
20110220,57,-1
20110221,62,6
20110222,64,3
20110223,72,10
20110224,72,1
20110225,80,10
20110226,77,-1
20110227,77,4
20110228,90,20
20110301,86,2
20110302,83,-1
20110303,81,-1
20110304,79,-1
20110305,78,-1
20110306,75,-1
20110307,73,-1
20110308,72,-1
20110309,71,-1
20110310,70,-1
20110311,70,-1
20110312,69,-1
20110313,68,-1
20110314,66,-1
20110315,64,-1
20110316,61,-1
20110317,66,7
20110318,92,29
20110319,86,-1
20110320,85,2
20110321,82,-1
20110322,80,-1
20110323,76,-1
20110324,71,-1
20110325,66,-1
20110326,61,-1
20110327,58,-1
20110328,55,-1
20110329,53,1
20110330,50,-1
20110331,47,-1
20110401,46,1
20110402,45,-1
20110403,41,-1
20110404,38,-1
20110405,36,1
20110406,34,-1
20110407,32,-1
20110408,27,-1
20110409,20,-1
20110410,12,-1
20110411,7,-1
20110412,-1,-1
20110413,1,1
20110414,-1,-1
20110415,-1,-1
20110416,-1,-1
20110417,-1,-1
20110418,-1,-1
20110419,-1,-1
20110420,-1,-1
20110421,-1,-1
20110422,-1,-1
20110423,-1,-1
20110424,-1,-1
20110425,-1,-1
20110426,-1,-1
20110427,-1,-1
20110428,-1,-1
20110429,-1,-1
20110430,-1,-1
20110501,-1,-1
20110502,-1,-1
20110503,-1,-1
20110504,-1,-1
20110505,-1,-1
20110506,-1,-1
20110507,-1,-1
20110508,-1,-1
20110509,-1,-1
20110510,-1,-1
20110511,-1,-1
20110512,-1,-1
20110513,-1,-1
20110514,-1,-1
20110515,3,3
20110516,1,1
20110517,-1,-1
20110518,-1,-1
20110519,-1,-1
20110520,-1,-1
20110521,-1,-1
20110522,-1,-1
20110523,-1,-1
20110524,-1,-1
20110525,-1,-1
20110526,-1,-1
20110527,-1,-1
20110528,3,3
20110529,-1,-1
20110530,-1,-1
20110531,-1,-1
20110601,-1,-1
20110602,-1,-1
20110603,-1,-1
20110604,-1,-1
20110605,-1,-1
20110606,-1,-1
20110607,-1,-1
20110608,-1,-1
20110609,-1,-1
20110610,-1,-1
20110611,-1,-1
20110612,-1,-1
20110613,-1,-1
20110614,-1,-1
20110615,-1,-1
20110616,-1,-1
20110617,-1,-1
20110618,-1,-1
20110619,-1,-1
20110620,-1,-1
20110621,-1,-1
20110622,-1,-1
20110623,-1,-1
20110624,-1,-1
20110625,-1,-1
20110626,-1,-1
20110627,-1,-1
20110628,-1,-1
20110629,-1,-1
20110630,-1,-1
20110701,-1,-1
20110702,-1,-1
20110703,-1,-1
20110704,-1,-1
20110705,-1,-1
20110706,-1,-1
20110707,-1,-1
20110708,-1,-1
20110709,-1,-1
20110710,-1,-1
20110711,-1,-1
20110712,-1,-1
20110713,-1,-1
20110714,-1,-1
20110715,-1,-1
20110716,-1,-1
20110717,-1,-1
20110718,-1,-1
20110719,-1,-1
20110720,-1,-1
20110721,-1,-1
20110722,-1,-1
20110723,-1,-1
20110724,-1,-1
20110725,-1,-1
20110726,-1,-1
20110727,-1,-1
20110728,-1,-1
20110729,-1,-1
20110730,-1,-1
20110731,-1,-1
20110801,-1,-1
20110802,-1,-1
20110803,-1,-1
20110804,-1,-1
20110805,-1,-1
20110806,-1,-1
20110807,-1,-1
20110808,-1,-1
20110809,-1,-1
20110810,-1,-1
20110811,-1,-1
20110812,-1,-1
20110813,-1,-1
20110814,-1,-1
20110815,-1,-1
20110816,-1,-1
20110817,-1,-1
20110818,-1,-1
20110819,-1,-1
20110820,-1,-1
20110821,-1,-1
20110822,-1,-1
20110823,-1,-1
20110824,-1,-1
20110825,-1,-1
20110826,-1,-1
20110827,-1,-1
20110828,-1,-1
20110829,-1,-1
20110830,-1,-1
20110831,-1,-1
20110901,-1,-1
20110902,-1,-1
20110903,-1,-1
20110904,-1,-1
20110905,-1,-1
20110906,-1,-1
20110907,-1,-1
20110908,-1,-1
20110909,-1,-1
20110910,-1,-1
20110911,-1,-1
20110912,-1,-1
20110913,-1,-1
20110914,-1,-1
20110915,-1,-1
20110916,-1,-1
20110917,-1,-1
20110918,-1,-1
20110919,31,31
20110920,34,7
20110921,20,-1
20110922,10,-1
20110923,5,-1
20110924,-1,-1
20110925,-1,-1
20110926,-1,-1
20110927,-1,-1
20110928,-1,-1
20110929,-1,-1
20110930,-1,-1
20111001,-1,-1
20111002,-1,-1
20111003,-1,-1
20111004,-1,-1
20111005,-1,-1
20111006,-1,-1
20111007,4,4
20111008,4,1
20111009,32,28
20111010,35,8
20111011,14,-1
20111012,5,-1
20111013,-1,-1
20111014,-1,-1
20111015,-1,-1
20111016,-1,-1
20111017,-1,-1
20111018,-1,-1
20111019,-1,-1
20111020,8,8
20111021,7,-1
20111022,5,-1
20111023,5,-1
20111024,4,-1
20111025,4,-1
20111026,-1,-1
20111027,-1,-1
20111028,-1,-1
20111029,-1,-1
20111030,-1,-1
20111031,-1,-1
20111101,-1,-1
20111102,-1,-1
20111103,-1,-1
20111104,-1,-1
20111105,-1,-1
20111106,-1,-1
20111107,-1,-1
20111108,-1,-1
20111109,-1,-1
20111110,-1,-1
20111111,-1,-1
20111112,-1,-1
20111113,-1,-1
20111114,-1,-1
20111115,-1,-1
20111116,-1,-1
20111117,-1,-1
20111118,-1,-1
20111119,-1,-1
20111120,-1,-1
20111121,-1,-1
20111122,-1,-1
20111123,-1,-1
20111124,-1,-1
20111125,-1,-1
20111126,-1,-1
20111127,-1,-1
20111128,-1,-1
20111129,-1,-1
20111130,-1,-1
20111201,-1,-1
20111202,-1,-1
20111203,-1,-1
20111204,-1,-1
20111205,1,1
20111206,4,3
20111207,10,8
20111208,42,36
20111209,37,-1
20111210,28,-1
20111211,23,-1
20111212,22,-1
20111213,29,7
20111214,27,-1
20111215,26,-1
20111216,28,3
20111217,37,9
20111218,36,1
20111219,36,-1
20111220,35,-1
20111221,39,5
20111222,42,4
20111223,66,27
20111224,60,-1
20111225,60,2
20111226,55,-1
20111227,50,-1
20111228,48,-1
20111229,47,-1
20111230,50,3
20111231,65,15
20120101,75,20
20120102,70,-1
20120103,75,6
20120104,75,-1
20120105,75,-1
20120106,112,37
20120107,110,3
20120108,120,10
20120109,123,3
20120110,125,8
20120111,118,-1
20120112,112,-1
20120113,109,-1
20120114,109,-1
20120115,108,-1
20120116,108,-1
20120117,107,-1
20120118,107,-1
20120119,104,-1
20120120,103,5
20120121,138,35
20120122,140,5
20120123,131,-1
20120124,135,4
20120125,137,2
20120126,135,-1
20120127,131,-1
20120128,126,-1
20120129,127,1
20120130,122,-1
20120131,121,-1
20120201,121,-1
20120202,125,4
20120203,126,1
20120204,122,-1
20120205,124,2
20120206,124,-1
20120207,128,4
20120208,126,-1
20120209,125,-1
20120210,126,1
20120211,126,-1
20120212,125,-1
20120213,125,-1
20120214,129,4
20120215,133,6
20120216,140,7
20120217,139,-1
20120218,137,-1
20120219,135,-1
20120220,140,5
20120221,138,-1
20120222,135,-1
20120223,134,-1
20120224,133,-1
20120225,130,-1
20120226,130,5
20120227,135,5
20120228,133,-1
20120229,132,-1
20120301,129,-1
20120302,126,-1
20120303,124,-1
20120304,121,-1
20120305,129,10
20120306,167,38
20120307,146,-1
20120308,139,-1
20120309,139,2
20120310,138,-1
20120311,137,-1
20120312,137,4
20120313,135,-1
20120314,132,-1
20120315,129,-1
20120316,127,-1
20120317,124,-1
20120318,122,-1
20120319,124,5
20120320,155,35
20120321,136,-1
20120322,127,-1
20120323,123,-1
20120324,120,-1
20120325,118,-1
20120326,115,-1
20120327,113,-1
20120328,110,-1
20120329,107,-1
20120330,100,-1
20120331,100,-1
20120401,100,-1
20120402,96,-1
20120403,91,-1
20120404,89,-1
20120405,88,-1
20120406,90,10
20120407,82,-1
20120408,84,5
20120409,84,-1
20120410,80,-1
20120411,78,-1
20120412,96,18
20120413,81,-1
20120414,82,6
20120415,84,3
20120416,82,1
20120417,82,-1
20120418,80,-1
20120419,86,9
20120420,80,-1
20120421,80,-1
20120422,86,11
20120423,86,6
20120424,80,1
20120425,92,15
20120426,80,-1
20120427,78,-1
20120428,70,-1
20120429,60,-1
20120430,50,-1
20120501,42,-1
20120502,38,-1
20120503,30,-1
20120504,23,-1
20120505,15,-1
20120506,10,-1
20120507,5,-1
20120508,-1,-1
20120509,-1,-1
20120510,-1,-1
20120511,-1,-1
20120512,-1,-1
20120513,-1,-1
20120514,-1,-1
20120515,-1,-1
20120516,5,5
20120517,-1,-1
20120518,-1,-1
20120519,-1,-1
20120520,-1,-1
20120521,-1,-1
20120522,-1,-1
20120523,-1,-1
20120524,-1,-1
20120525,-1,-1
20120526,-1,-1
20120527,-1,-1
20120528,-1,-1
20120529,-1,-1
20120530,-1,-1
20120531,-1,-1
20120601,-1,-1
20120602,-1,-1
20120603,-1,-1
20120604,-1,-1
20120605,-1,-1
20120606,-1,-1
20120607,-1,-1
20120608,-1,-1
20120609,-1,-1
20120610,-1,-1
20120611,-1,-1
20120612,-1,-1
20120613,-1,-1
20120614,-1,-1
20120615,-1,-1
20120616,-1,-1
20120617,-1,-1
20120618,-1,-1
20120619,-1,-1
20120620,-1,-1
20120621,-1,-1
20120622,-1,-1
20120623,-1,-1
20120624,-1,-1
20120625,-1,-1
20120626,-1,-1
20120627,-1,-1
20120628,-1,-1
20120629,-1,-1
20120630,-1,-1
20120701,-1,-1
20120702,-1,-1
20120703,-1,-1
20120704,-1,-1
20120705,-1,-1
20120706,-1,-1
20120707,-1,-1
20120708,-1,-1
20120709,-1,-1
20120710,-1,-1
20120711,-1,-1
20120712,-1,-1
20120713,-1,-1
20120714,-1,-1
20120715,-1,-1
20120716,-1,-1
20120717,-1,-1
20120718,-1,-1
20120719,-1,-1
20120720,-1,-1
20120721,-1,-1
20120722,-1,-1
20120723,-1,-1
20120724,-1,-1
20120725,-1,-1
20120726,-1,-1
20120727,-1,-1
20120728,-1,-1
20120729,-1,-1
20120730,-1,-1
20120731,-1,-1
20120801,-1,-1
20120802,-1,-1
20120803,-1,-1
20120804,-1,-1
20120805,-1,-1
20120806,-1,-1
20120807,-1,-1
20120808,-1,-1
20120809,-1,-1
20120810,-1,-1
20120811,-1,-1
20120812,-1,-1
20120813,-1,-1
20120814,-1,-1
20120815,-1,-1
20120816,-1,-1
20120817,-1,-1
20120818,-1,-1
20120819,-1,-1
20120820,-1,-1
20120821,-1,-1
20120822,-1,-1
20120823,-1,-1
20120824,-1,-1
20120825,-1,-1
20120826,-1,-1
20120827,-1,-1
20120828,-1,-1
20120829,-1,-1
20120830,-1,-1
20120831,-1,-1
20120901,-1,-1
20120902,-1,-1
20120903,-1,-1
20120904,-1,-1
20120905,-1,-1
20120906,-1,-1
20120907,-1,-1
20120908,-1,-1
20120909,-1,-1
20120910,-1,-1
20120911,-1,-1
20120912,-1,-1
20120913,-1,-1
20120914,-1,-1
20120915,-1,-1
20120916,-1,-1
20120917,-1,-1
20120918,-1,-1
20120919,-1,-1
20120920,-1,-1
20120921,-1,-1
20120922,-1,-1
20120923,-1,-1
20120924,-1,-1
20120925,-1,-1
20120926,-1,-1
20120927,-1,-1
20120928,-1,-1
20120929,-1,-1
20120930,-1,-1
20121001,-1,-1
20121002,-1,-1
20121003,-1,-1
20121004,-1,-1
20121005,-1,-1
20121006,-1,-1
20121007,-1,-1
20121008,-1,-1
20121009,-1,-1
20121010,-1,-1
20121011,-1,-1
20121012,-1,-1
20121013,-1,-1
20121014,-1,-1
20121015,-1,-1
20121016,27,27
20121017,11,-1
20121018,6,-1
20121019,1,-1
20121020,-1,-1
20121021,-1,-1
20121022,-1,-1
20121023,-1,-1
20121024,-1,-1
20121025,-1,-1
20121026,-1,-1
20121027,-1,-1
20121028,10,10
20121029,38,30
20121030,29,-1
20121031,20,-1
20121101,10,-1
20121102,10,5
20121103,10,2
20121104,8,-1
20121105,10,4
20121106,8,2
20121107,8,1
20121108,7,-1
20121109,5,-1
20121110,2,-1
20121111,-1,-1
20121112,-1,-1
20121113,-1,-1
20121114,-1,-1
20121115,-1,-1
20121116,-1,-1
20121117,-1,-1
20121118,-1,-1
20121119,-1,-1
20121120,-1,-1
20121121,-1,-1
20121122,-1,-1
20121123,-1,-1
20121124,-1,-1
20121125,-1,-1
20121126,-1,-1
20121127,-1,-1
20121128,-1,-1
20121129,23,23
20121130,29,9
20121201,25,1
20121202,22,1
20121203,25,3
20121204,32,10
20121205,32,8
20121206,29,-1
20121207,30,3
20121208,35,7
20121209,35,1
20121210,41,11
20121211,50,10
20121212,54,8
20121213,49,-1
20121214,47,-1
20121215,44,-1
20121216,48,9
20121217,45,-1
20121218,43,-1
20121219,45,4
20121220,44,-1
20121221,52,9
20121222,52,4
20121223,63,14
20121224,54,-1
20121225,52,-1
20121226,50,0
20121227,60,11
20121228,83,24
20121229,75,1
20121230,74,-1
20121231,72,-1
20130101,69,-1
20130102,67,-1
20130103,69,4
20130104,69,2
20130105,70,6
20130106,83,17
20130107,79,0
20130108,77,-1
20130109,76,-1
20130110,74,-1
20130111,78,7
20130112,78,1
20130113,77,-1
20130114,76,1
20130115,80,5
20130116,85,8
20130117,95,15
20130118,98,6
20130119,97,-1
20130120,90,1
20130121,88,1
20130122,94,8
20130123,94,2
20130124,91,-1
20130125,89,-1
20130126,88,-1
20130127,88,-1
20130128,86,1
20130129,85,1
20130130,90,7
20130131,88,1
20130201,87,-1
20130202,90,4
20130203,94,4
20130204,101,9
20130205,105,9
20130206,110,10
20130207,108,2
20130208,108,1
20130209,107,1
20130210,106,-1
20130211,106,-1
20130212,111,7
20130213,113,5
20130214,109,-1
20130215,107,-1
20130216,108,1
20130217,107,-1
20130218,104,-1
20130219,101,-1
20130220,105,4
20130221,107,3
20130222,109,4
20130223,108,-1
20130224,119,15
20130225,128,9
20130226,118,-1
20130227,112,-1
20130228,108,-1
20130301,99,-1
20130302,98,-1
20130303,96,-1
20130304,95,-1
20130305,95,-1
20130306,95,-1
20130307,93,-1
20130308,91,-1
20130309,93,3
20130310,90,2
20130311,89,-1
20130312,88,-1
20130313,87,-1
20130314,89,2
20130315,88,-1
20130316,87,-1
20130317,87,-1
20130318,86,-1
20130319,95,9
20130320,95,-1
20130321,95,1
20130322,93,-1
20130323,92,-1
20130324,90,-1
20130325,88,-1
20130326,90,5
20130327,93,4
20130328,88,-1
20130329,89,2
20130330,87,1
20130331,95,8
20130401,95,-1
20130402,95,-1
20130403,91,-1
20130404,91,-1
20130405,89,0
20130406,90,4
20130407,88,1
20130408,88,-1
20130409,87,-1
20130410,87,1
20130411,85,-1
20130412,79,-1
20130413,80,4
20130414,76,-1
20130415,70,-1
20130416,61,-1
20130417,53,-1
20130418,46,-1
20130419,30,-1
20130420,68,38
20130421,50,-1
20130422,42,-1
20130423,38,-1
20130424,32,-1
20130425,27,-1
20130426,23,-1
20130427,13,-1
20130428,-1,-1
20130429,-1,-1
20130430,-1,-1
20130501,-1,-1
20130502,-1,-1
20130503,-1,-1
20130504,-1,-1
20130505,-1,-1
20130506,-1,-1
20130507,-1,-1
20130508,-1,-1
20130509,-1,-1
20130510,-1,-1
20130511,-1,-1
20130512,-1,-1
20130513,-1,-1
20130514,-1,-1
20130515,-1,-1
20130516,-1,-1
20130517,-1,-1
20130518,-1,-1
20130519,-1,-1
20130520,-1,-1
20130521,-1,-1
20130522,-1,-1
20130523,-1,-1
20130524,2,2
20130525,2,2
20130526,-1,-1
20130527,-1,-1
20130528,-1,-1
20130529,-1,-1
20130530,2,2
20130531,1,1
20130601,2,2
20130602,-1,-1
20130603,-1,-1
20130604,-1,-1
20130605,-1,-1
20130606,-1,-1
20130607,-1,-1
20130608,-1,-1
20130609,-1,-1
20130610,-1,-1
20130611,-1,-1
20130612,-1,-1
20130613,-1,-1
20130614,-1,-1
20130615,-1,-1
20130616,-1,-1
20130617,-1,-1
20130618,-1,-1
20130619,-1,-1
20130620,-1,-1
20130621,-1,-1
20130622,-1,-1
20130623,-1,-1
20130624,-1,-1
20130625,-1,-1
20130626,-1,-1
20130627,-1,-1
20130628,-1,-1
20130629,-1,-1
20130630,-1,-1
20130701,-1,-1
20130702,-1,-1
20130703,-1,-1
20130704,-1,-1
20130705,-1,-1
20130706,-1,-1
20130707,-1,-1
20130708,-1,-1
20130709,-1,-1
20130710,-1,-1
20130711,-1,-1
20130712,-1,-1
20130713,-1,-1
20130714,-1,-1
20130715,-1,-1
20130716,-1,-1
20130717,-1,-1
20130718,-1,-1
20130719,-1,-1
20130720,-1,-1
20130721,-1,-1
20130722,-1,-1
20130723,-1,-1
20130724,-1,-1
20130725,-1,-1
20130726,-1,-1
20130727,-1,-1
20130728,-1,-1
20130729,-1,-1
20130730,-1,-1
20130731,-1,-1
20130801,-1,-1
20130802,-1,-1
20130803,-1,-1
20130804,-1,-1
20130805,-1,-1
20130806,-1,-1
20130807,-1,-1
20130808,-1,-1
20130809,-1,-1
20130810,-1,-1
20130811,-1,-1
20130812,-1,-1
20130813,-1,-1
20130814,-1,-1
20130815,-1,-1
20130816,-1,-1
20130817,-1,-1
20130818,-1,-1
20130819,-1,-1
20130820,-1,-1
20130821,-1,-1
20130822,-1,-1
20130823,-1,-1
20130824,-1,-1
20130825,-1,-1
20130826,-1,-1
20130827,-1,-1
20130828,-1,-1
20130829,-1,-1
20130830,-1,-1
20130831,-1,-1
20130901,-1,-1
20130902,-1,-1
20130903,-1,-1
20130904,-1,-1
20130905,-1,-1
20130906,-1,-1
20130907,-1,-1
20130908,-1,-1
20130909,-1,-1
20130910,-1,-1
20130911,-1,-1
20130912,-1,-1
20130913,-1,-1
20130914,-1,-1
20130915,-1,-1
20130916,-1,-1
20130917,2,2
20130918,2,2
20130919,-1,-1
20130920,-1,-1
20130921,-1,-1
20130922,-1,-1
20130923,-1,-1
20130924,-1,-1
20130925,-1,-1
20130926,-1,-1
20130927,-1,-1
20130928,-1,-1
20130929,-1,-1
20130930,-1,-1
20131001,-1,-1
20131002,-1,-1
20131003,-1,-1
20131004,-1,-1
20131005,-1,-1
20131006,-1,-1
20131007,-1,-1
20131008,-1,-1
20131009,-1,-1
20131010,-1,-1
20131011,44,44
20131012,50,10
20131013,46,2
20131014,22,-1
20131015,16,-1
20131016,20,6
20131017,10,-1
20131018,5,-1
20131019,-1,-1
20131020,-1,-1
20131021,-1,-1
20131022,-1,-1
20131023,-1,-1
20131024,-1,-1
20131025,-1,-1
20131026,-1,-1
20131027,-1,-1
20131028,-1,-1
20131029,-1,-1
20131030,7,7
20131031,5,1
20131101,-1,-1
20131102,-1,-1
20131103,2,2
20131104,2,2
20131105,2,2
20131106,12,12
20131107,15,8
20131108,10,-1
20131109,8,4
20131110,10,6
20131111,16,6
20131112,15,-1
20131113,13,-1
20131114,11,-1
20131115,35,25
20131116,30,1
20131117,26,-1
20131118,19,-1
20131119,18,-1
20131120,18,3
20131121,21,5
20131122,53,33
20131123,45,1
20131124,52,15
20131125,56,13
20131126,52,1
20131127,48,1
20131128,46,-1
20131129,45,-1
20131130,45,3
20131201,42,1
20131202,39,-1
20131203,37,-1
20131204,37,-1
20131205,36,-1
20131206,36,1
20131207,36,1
20131208,34,-1
20131209,34,-1
20131210,32,-1
20131211,32,-1
20131212,32,-1
20131213,32,-1
20131214,31,-1
20131215,33,2
20131216,32,-1
20131217,31,-1
20131218,31,-1
20131219,31,-1
20131220,31,-1
20131221,31,1
20131222,31,-1
20131223,31,-1
20131224,31,-1
20131225,36,5
20131226,50,20
20131227,95,47
20131228,75,-1
20131229,80,10
20131230,80,10
20131231,78,-1
20140101,75,-1
20140102,68,-1
20140103,68,-1
20140104,70,3
20140105,65,1
20140106,70,8
20140107,65,-1
20140108,64,-1
20140109,64,-1
20140110,64,3
20140111,64,2
20140112,62,-1
20140113,60,-1
20140114,60,1
20140115,67,10
20140116,65,-1
20140117,63,-1
20140118,61,-1
20140119,61,1
20140120,60,-1
20140121,63,4
20140122,61,2
20140123,60,-1
20140124,60,1
20140125,62,3
20140126,72,14
20140127,70,2
20140128,78,11
20140129,75,2
20140130,74,-1
20140131,85,17
20140201,80,1
20140202,88,15
20140203,105,25
20140204,90,3
20140205,87,1
20140206,86,1
20140207,85,-1
20140208,93,10
20140209,97,8
20140210,95,5
20140211,97,6
20140212,95,1
20140213,91,-1
20140214,90,5
20140215,89,-1
20140216,88,-1
20140217,118,30
20140218,107,-1
20140219,102,2
20140220,105,8
20140221,99,-1
20140222,107,13
20140223,102,1
20140224,100,-1
20140225,98,-1
20140226,96,-1
20140227,93,-1
20140228,93,1
20140301,92,1
20140302,135,45
20140303,110,-1
20140304,99,-1
20140305,105,7
20140306,107,7
20140307,98,1
20140308,96,-1
20140309,90,-1
20140310,88,-1
20140311,85,-1
20140312,82,-1
20140313,79,-1
20140314,76,-1
20140315,71,-1
20140316,70,1
20140317,67,-1
20140318,62,-1
20140319,59,-1
20140320,56,-1
20140321,50,-1
20140322,47,-1
20140323,53,13
20140324,70,17
20140325,67,-1
20140326,61,-1
20140327,60,-1
20140328,56,-1
20140329,50,-1
20140330,48,-1
20140331,46,-1
20140401,39,-1
20140402,32,-1
20140403,30,-1
20140404,29,-1
20140405,24,-1
20140406,19,-1
20140407,12,-1
20140408,-1,-1
20140409,-1,-1
20140410,-1,-1
20140411,-1,-1
20140412,-1,-1
20140413,1,1
20140414,-1,-1
20140415,10,10
20140416,13,3
20140417,6,-1
20140418,-1,-1
20140419,40,40
20140420,9,1
20140421,-1,-1
20140422,-1,-1
20140423,-1,-1
20140424,-1,-1
20140425,-1,-1
20140426,-1,-1
20140427,-1,-1
20140428,10,10
20140429,2,-1
20140430,-1,-1
20140501,-1,-1
20140502,-1,-1
20140503,-1,-1
20140504,-1,-1
20140505,-1,-1
20140506,-1,-1
20140507,-1,-1
20140508,-1,-1
20140509,-1,-1
20140510,-1,-1
20140511,-1,-1
20140512,-1,-1
20140513,-1,-1
20140514,-1,-1
20140515,2,2
20140516,4,4
20140517,1,1
20140518,-1,-1
20140519,-1,-1
20140520,-1,-1
20140521,-1,-1
20140522,-1,-1
20140523,-1,-1
20140524,-1,-1
20140525,-1,-1
20140526,-1,-1
20140527,-1,-1
20140528,-1,-1
20140529,-1,-1
20140530,-1,-1
20140531,-1,-1
20140601,-1,-1
20140602,-1,-1
20140603,-1,-1
20140604,-1,-1
20140605,-1,-1
20140606,-1,-1
20140607,-1,-1
20140608,-1,-1
20140609,-1,-1
20140610,-1,-1
20140611,-1,-1
20140612,-1,-1
20140613,-1,-1
20140614,-1,-1
20140615,-1,-1
20140616,-1,-1
20140617,-1,-1
20140618,-1,-1
20140619,-1,-1
20140620,-1,-1
20140621,-1,-1
20140622,-1,-1
20140623,-1,-1
20140624,-1,-1
20140625,-1,-1
20140626,-1,-1
20140627,-1,-1
20140628,-1,-1
20140629,-1,-1
20140630,4,4
20140701,-1,-1
20140702,-1,-1
20140703,-1,-1
20140704,-1,-1
20140705,-1,-1
20140706,-1,-1
20140707,-1,-1
20140708,-1,-1
20140709,-1,-1
20140710,-1,-1
20140711,-1,-1
20140712,-1,-1
20140713,-1,-1
20140714,-1,-1
20140715,-1,-1
20140716,-1,-1
20140717,-1,-1
20140718,-1,-1
20140719,-1,-1
20140720,-1,-1
20140721,-1,-1
20140722,-1,-1
20140723,-1,-1
20140724,-1,-1
20140725,-1,-1
20140726,-1,-1
20140727,-1,-1
20140728,-1,-1
20140729,-1,-1
20140730,-1,-1
20140731,-1,-1
20140801,-1,-1
20140802,-1,-1
20140803,-1,-1
20140804,-1,-1
20140805,-1,-1
20140806,-1,-1
20140807,-1,-1
20140808,-1,-1
20140809,-1,-1
20140810,-1,-1
20140811,-1,-1
20140812,-1,-1
20140813,-1,-1
20140814,-1,-1
20140815,-1,-1
20140816,-1,-1
20140817,-1,-1
20140818,-1,-1
20140819,-1,-1
20140820,-1,-1
20140821,-1,-1
20140822,-1,-1
20140823,-1,-1
20140824,-1,-1
20140825,-1,-1
20140826,-1,-1
20140827,-1,-1
20140828,-1,-1
20140829,-1,-1
20140830,-1,-1
20140831,-1,-1
20140901,-1,-1
20140902,-1,-1
20140903,-1,-1
20140904,-1,-1
20140905,-1,-1
20140906,-1,-1
20140907,-1,-1
20140908,-1,-1
20140909,-1,-1
20140910,-1,-1
20140911,-1,-1
20140912,-1,-1
20140913,-1,-1
20140914,-1,-1
20140915,-1,-1
20140916,-1,-1
20140917,-1,-1
20140918,-1,-1
20140919,-1,-1
20140920,-1,-1
20140921,-1,-1
20140922,-1,-1
20140923,-1,-1
20140924,-1,-1
20140925,-1,-1
20140926,-1,-1
20140927,-1,-1
20140928,-1,-1
20140929,-1,-1
20140930,-1,-1
20141001,-1,-1
20141002,-1,-1
20141003,-1,-1
20141004,-1,-1
20141005,-1,-1
20141006,-1,-1
20141007,-1,-1
20141008,-1,-1
20141009,-1,-1
20141010,-1,-1
20141011,-1,-1
20141012,-1,-1
20141013,-1,-1
20141014,-1,-1
20141015,-1,-1
20141016,-1,-1
20141017,-1,-1
20141018,-1,-1
20141019,-1,-1
20141020,-1,-1
20141021,-1,-1
20141022,5,5
20141023,55,50
20141024,63,8
20141025,50,-1
20141026,48,-1
20141027,28,-1
20141028,24,-1
20141029,20,-1
20141030,15,-1
20141031,10,-1
20141101,10,-1
20141102,8,-1
20141103,5,-1
20141104,2,-1
20141105,-1,-1
20141106,24,24
20141107,35,15
20141108,20,-1
20141109,16,-1
20141110,11,-1
20141111,-1,-1
20141112,-1,-1
20141113,-1,-1
20141114,-1,-1
20141115,-1,-1
20141116,5,5
20141117,7,5
20141118,28,25
20141119,24,1
20141120,20,-1
20141121,18,-1
20141122,10,-1
20141123,8,-1
20141124,7,-1
20141125,2,-1
20141126,-1,-1
20141127,-1,-1
20141128,-1,-1
20141129,-1,-1
20141130,-1,-1
20141201,-1,-1
20141202,-1,-1
20141203,-1,-1
20141204,5,5
20141205,-1,-1
20141206,-1,-1
20141207,4,4
20141208,7,4
20141209,8,2
20141210,8,2
20141211,6,-1
20141212,5,-1
20141213,5,-1
20141214,5,-1
20141215,5,-1
20141216,4,-1
20141217,7,3
20141218,10,3
20141219,6,-1
20141220,11,5
20141221,12,1
20141222,10,-1
20141223,10,-1
20141224,10,-1
20141225,10,-1
20141226,15,5
20141227,19,4
20141228,25,6
20141229,28,5
20141230,36,8
20141231,48,12
20150101,60,12
20150102,50,-1
20150103,48,1
20150104,57,9
20150105,56,1
20150106,54,-1
20150107,52,-1
20150108,52,-1
20150109,51,-1
20150110,52,5
20150111,46,-1
20150112,49,3
20150113,48,-1
20150114,48,-1
20150115,51,3
20150116,49,-1
20150117,50,1
20150118,68,20
20150119,62,-1
20150120,61,-1
20150121,58,-1
20150122,56,-1
20150123,55,-1
20150124,61,8
20150125,64,3
20150126,64,3
20150127,68,7
20150128,66,2
20150129,65,2
20150130,68,5
20150131,68,1
20150201,67,-1
20150202,69,4
20150203,71,3
20150204,68,-1
20150205,68,1
20150206,88,22
20150207,84,1
20150208,79,1
20150209,80,1
20150210,80,1
20150211,79,-1
20150212,78,-1
20150213,77,-1
20150214,77,-1
20150215,77,1
20150216,74,-1
20150217,72,-1
20150218,72,-1
20150219,72,-1
20150220,72,-1
20150221,72,-1
20150222,77,7
20150223,78,1
20150224,83,8
20150225,87,7
20150226,84,1
20150227,80,-1
20150228,86,6
20150301,85,-1
20150302,84,3
20150303,96,12
20150304,96,1
20150305,97,2
20150306,98,1
20150307,96,-1
20150308,94,-1
20150309,90,-1
20150310,89,-1
20150311,88,1
20150312,88,1
20150313,87,-1
20150314,86,-1
20150315,85,-1
20150316,84,-1
20150317,82,-1
20150318,82,-1
20150319,78,-1
20150320,73,-1
20150321,71,-1
20150322,78,8
20150323,74,1
20150324,70,-1
20150325,69,-1
20150326,88,19
20150327,78,4
20150328,78,1
20150329,72,-1
20150330,74,5
20150331,100,27
20150401,87,5
20150402,89,4
20150403,104,15
20150404,100,1
20150405,103,4
20150406,99,1
20150407,100,2
20150408,97,-1
20150409,95,-1
20150410,87,-1
20150411,82,-1
20150412,79,-1
20150413,74,-1
20150414,70,-1
20150415,66,-1
20150416,61,-1
20150417,57,-1
20150418,55,1
20150419,55,-1
20150420,48,-1
20150421,42,-1
20150422,37,-1
20150423,31,-1
20150424,30,4
20150425,21,-1
20150426,15,-1
20150427,-1,-1
20150428,-1,-1
20150429,-1,-1
20150430,-1,-1